id,level,difficulty,category,question,option_a,option_b,option_c,option_d,correct_answer,answer_text,reference,source_type,xp,topic
emek_q401,1,Beginner,Sunday School,What did Mary Magdalene see when she came to Jesus’ tomb?,Priests carrying it on their shoulders,The wall of Jerusalem,The stone had been removed,An angel of the Lord,C,The stone had been removed,John 20:1,Bible reference,10,Children
emek_q402,1,Beginner,Sunday School,What did the Israelites use to carry the ark across the Jordan?,The stone had been removed,An angel of the Lord,Priests carrying it on their shoulders,The wall of Jerusalem,C,Priests carrying it on their shoulders,Joshua 3:13-17,Bible reference,10,Children
emek_q403,1,Beginner,Sunday School,Who told Joseph in a dream to take Mary as his wife?,Priests carrying it on their shoulders,The wall of Jerusalem,An angel of the Lord,The stone had been removed,C,An angel of the Lord,Matthew 1:20,Bible reference,10,Children
emek_q404,1,Beginner,Sunday School,What did Nehemiah help the people rebuild?,The stone had been removed,The wall of Jerusalem,Priests carrying it on their shoulders,An angel of the Lord,B,The wall of Jerusalem,Nehemiah 2:17-18,Bible reference,10,Children
emek_q405,1,Beginner,Sunday School,What did the wise man build his house upon?,Priests carrying it on their shoulders,The stone had been removed,The rock,An angel of the Lord,C,The rock,Matthew 7:24-25,Bible reference,10,Children
emek_q406,1,Beginner,Sunday School,What did Jesus use to teach the parable of the sower?,An angel of the Lord,Priests carrying it on their shoulders,Seeds,The stone had been removed,C,Seeds,Matthew 13:3-8,Bible reference,10,Children
emek_q407,1,Beginner,Sunday School,What did the Good Samaritan use to care for the wounded man’s wounds?,An angel of the Lord,Oil and wine,The stone had been removed,Priests carrying it on their shoulders,B,Oil and wine,Luke 10:34,Bible reference,10,Children
emek_q408,1,Beginner,Sunday School,What did Daniel refuse to stop doing after the royal decree?,Praying to God,Priests carrying it on their shoulders,An angel of the Lord,The stone had been removed,A,Praying to God,Daniel 6:10,Bible reference,10,Children
emek_q409,1,Beginner,Sunday School,What did the angel say had happened to Jesus at the tomb?,An angel of the Lord,The stone had been removed,He had risen,Priests carrying it on their shoulders,C,He had risen,Matthew 28:5-6,Bible reference,10,Children
emek_q410,1,Beginner,Sunday School,What did Gideon use to signal his army at night?,An angel of the Lord,The stone had been removed,Trumpets and jars with torches,Priests carrying it on their shoulders,C,Trumpets and jars with torches,Judges 7:16-20,Bible reference,10,Children
emek_q411,1,Beginner,Sunday School,What did the three young men refuse to worship?,The golden image,An angel of the Lord,Priests carrying it on their shoulders,The stone had been removed,A,The golden image,Daniel 3:16-18,Bible reference,10,Children
emek_q412,1,Beginner,Sunday School,What did Jesus do before distributing the loaves and fish?,Priests carrying it on their shoulders,He gave thanks,The stone had been removed,An angel of the Lord,B,He gave thanks,John 6:11,Bible reference,10,Children
emek_q413,1,Beginner,Sunday School,What did Ruth gather in the fields?,An angel of the Lord,Grain left behind by the harvesters,The stone had been removed,Priests carrying it on their shoulders,B,Grain left behind by the harvesters,Ruth 2:2-3,Bible reference,10,Children
emek_q414,1,Beginner,Sunday School,What did Jonah do when he was thrown into the sea?,Priests carrying it on their shoulders,The stone had been removed,He was swallowed by a great fish,An angel of the Lord,C,He was swallowed by a great fish,Jonah 1:15-17,Bible reference,10,Children
emek_q415,1,Beginner,Sunday School,What did Jesus say about becoming like little children?,Priests carrying it on their shoulders,An angel of the Lord,It is necessary to enter the kingdom of heaven,The stone had been removed,C,It is necessary to enter the kingdom of heaven,Matthew 18:3,Bible reference,10,Children
emek_q416,1,Beginner,Sunday School,What did Samuel hear calling him at night?,Priests carrying it on their shoulders,"His name, called by the Lord",The stone had been removed,An angel of the Lord,B,"His name, called by the Lord",1 Samuel 3:4-10,Bible reference,10,Children
emek_q417,1,Beginner,Sunday School,What did the father give the returning prodigal son?,"A robe, ring and sandals",Priests carrying it on their shoulders,The stone had been removed,An angel of the Lord,A,"A robe, ring and sandals",Luke 15:22,Bible reference,10,Children
emek_q418,1,Beginner,Sunday School,What was Jesus laid in after His birth?,Priests carrying it on their shoulders,An angel of the Lord,A manger,The stone had been removed,C,A manger,Luke 2:7,Bible reference,10,Children
emek_q419,1,Beginner,Sunday School,Who was the father of John the Baptist?,Priests carrying it on their shoulders,Zechariah,The stone had been removed,An angel of the Lord,B,Zechariah,Luke 1:13,Bible reference,10,Children
emek_q420,1,Beginner,Sunday School,What did the disciples do after Jesus ascended?,Priests carrying it on their shoulders,The stone had been removed,An angel of the Lord,They returned to Jerusalem with joy,D,They returned to Jerusalem with joy,Luke 24:52,Bible reference,10,Children
emek_q421,1,Beginner,Sunday School,What did Jesus do for Lazarus before calling him from the tomb?,The stone had been removed,He prayed/gave thanks to the Father,Priests carrying it on their shoulders,An angel of the Lord,B,He prayed/gave thanks to the Father,John 11:41-43,Bible reference,10,Children
emek_q422,1,Beginner,Sunday School,What did Jesus call His followers to become?,Fishers of people,The stone had been removed,Priests carrying it on their shoulders,An angel of the Lord,A,Fishers of people,Matthew 4:19,Bible reference,10,Children
emek_q423,1,Beginner,Sunday School,What was the name of the town where Jesus grew up?,Nazareth,An angel of the Lord,Priests carrying it on their shoulders,The stone had been removed,A,Nazareth,Luke 2:39-40,Bible reference,10,Children
emek_q424,1,Beginner,Sunday School,What gift did Jesus promise His followers before His ascension?,An angel of the Lord,The Holy Spirit,Priests carrying it on their shoulders,The stone had been removed,B,The Holy Spirit,Acts 1:4-8,Bible reference,10,Children
emek_q425,1,Beginner,Sunday School,What did Jesus calm on the Sea of Galilee?,The stone had been removed,Priests carrying it on their shoulders,A storm,An angel of the Lord,C,A storm,Mark 4:39,Bible reference,10,Children
emek_q426,1,Beginner,Sunday School,Who was Jesus’ earthly guardian/father?,Joseph,Priests carrying it on their shoulders,An angel of the Lord,The stone had been removed,A,Joseph,Matthew 1:20-25,Bible reference,10,Children
emek_q427,1,Beginner,Sunday School,"What did Elijah hear after the wind, earthquake and fire?",A gentle whisper,An angel of the Lord,Priests carrying it on their shoulders,The stone had been removed,A,A gentle whisper,1 Kings 19:11-12,Bible reference,10,Children
emek_q428,1,Beginner,Sunday School,Who told Mary she would have a son named Jesus?,The stone had been removed,An angel of the Lord,The angel Gabriel,Priests carrying it on their shoulders,C,The angel Gabriel,Luke 1:26-31,Bible reference,10,Children
emek_q429,1,Beginner,Sunday School,How many baskets of leftovers were gathered after the feeding of the five thousand?,Priests carrying it on their shoulders,Twelve,An angel of the Lord,The stone had been removed,B,Twelve,John 6:13,Bible reference,10,Children
emek_q430,1,Beginner,Sunday School,What did the woman search for in the parable of the lost coin?,The stone had been removed,A lost coin,An angel of the Lord,Priests carrying it on their shoulders,B,A lost coin,Luke 15:8-10,Bible reference,10,Children
emek_q431,1,Beginner,Sunday School,What did God give Solomon when he asked for wisdom?,The stone had been removed,An angel of the Lord,A wise and discerning heart,Priests carrying it on their shoulders,C,A wise and discerning heart,1 Kings 3:9-12,Bible reference,10,Children
emek_q432,1,Beginner,Sunday School,How many days was Jesus in the wilderness being tempted?,An angel of the Lord,The stone had been removed,Priests carrying it on their shoulders,Forty,D,Forty,Matthew 4:1-2,Bible reference,10,Children
emek_q433,1,Beginner,Sunday School,What did the voice from heaven call Jesus at His baptism?,An angel of the Lord,My beloved Son,Priests carrying it on their shoulders,The stone had been removed,B,My beloved Son,Matthew 3:17,Bible reference,10,Children
emek_q434,1,Beginner,Sunday School,What did Jesus do as a boy in the temple?,The stone had been removed,He listened and asked questions,Priests carrying it on their shoulders,An angel of the Lord,B,He listened and asked questions,Luke 2:46,Bible reference,10,Children
emek_q435,1,Beginner,Sunday School,What kind of fish were mentioned with the loaves in the feeding story?,Priests carrying it on their shoulders,The stone had been removed,An angel of the Lord,Two fish,D,Two fish,John 6:9,Bible reference,10,Children
emek_q436,1,Beginner,Sunday School,What instrument did David play for Saul?,An angel of the Lord,A lyre,The stone had been removed,Priests carrying it on their shoulders,B,A lyre,1 Samuel 16:23,Bible reference,10,Children
emek_q437,1,Beginner,Sunday School,What did Jesus walk on during the disciples’ boat journey?,Priests carrying it on their shoulders,An angel of the Lord,The sea,The stone had been removed,C,The sea,Matthew 14:25,Bible reference,10,Children
emek_q438,1,Beginner,Sunday School,What was Jesus’ trade traditionally described as?,An angel of the Lord,Priests carrying it on their shoulders,The stone had been removed,Carpenter,D,Carpenter,Mark 6:3,Bible reference,10,Children
emek_q439,1,Beginner,Sunday School,What did Jesus tell the man healed from blindness to do after receiving sight?,Priests carrying it on their shoulders,An angel of the Lord,Go; his faith had made him well,The stone had been removed,C,Go; his faith had made him well,Mark 10:52,Bible reference,10,Children
emek_q440,1,Beginner,Sunday School,Who appeared with Jesus at the Transfiguration?,An angel of the Lord,Priests carrying it on their shoulders,The stone had been removed,Moses and Elijah,D,Moses and Elijah,Matthew 17:3,Bible reference,10,Children
emek_q441,1,Beginner,Sunday School,What did Bartimaeus call Jesus?,Son of David,Priests carrying it on their shoulders,The stone had been removed,An angel of the Lord,A,Son of David,Mark 10:47,Bible reference,10,Children
emek_q442,1,Beginner,Sunday School,What did Jesus say children should be allowed to do?,Come to Him,The stone had been removed,An angel of the Lord,Priests carrying it on their shoulders,A,Come to Him,Mark 10:14,Bible reference,10,Children
emek_q443,1,Beginner,Sunday School,What animal did Jesus use in the parable of the lost sheep?,Priests carrying it on their shoulders,An angel of the Lord,The stone had been removed,A sheep,D,A sheep,Luke 15:3-6,Bible reference,10,Children
emek_q444,1,Beginner,Sunday School,What was the name of John the Baptist’s mother?,Elizabeth,Priests carrying it on their shoulders,An angel of the Lord,The stone had been removed,A,Elizabeth,"Luke 1:5, 24",Bible reference,10,Children
emek_q445,1,Beginner,Sunday School,What did Jesus tell Zacchaeus to do when He came to his house?,The stone had been removed,Come down from the tree,An angel of the Lord,Priests carrying it on their shoulders,B,Come down from the tree,Luke 19:5,Bible reference,10,Children
emek_q446,1,Beginner,Sunday School,What did Jesus say should not be hidden under a basket?,A lamp/light,An angel of the Lord,The stone had been removed,Priests carrying it on their shoulders,A,A lamp/light,Matthew 5:15,Bible reference,10,Children
emek_q447,1,Beginner,Sunday School,What did Jesus call Lazarus to do?,Come out,Priests carrying it on their shoulders,The stone had been removed,An angel of the Lord,A,Come out,John 11:43,Bible reference,10,Children
emek_q448,1,Beginner,Sunday School,What did Jesus use when washing the disciples’ feet?,An angel of the Lord,Priests carrying it on their shoulders,The stone had been removed,A towel and basin,D,A towel and basin,John 13:4-5,Bible reference,10,Children
emek_q449,1,Beginner,Sunday School,What did the foolish man build his house upon?,An angel of the Lord,Priests carrying it on their shoulders,The stone had been removed,The sand,D,The sand,Matthew 7:26-27,Bible reference,10,Children
emek_q450,1,Beginner,Sunday School,What did Jesus use to feed the crowd besides fish?,Five loaves,Priests carrying it on their shoulders,An angel of the Lord,The stone had been removed,A,Five loaves,John 6:9,Bible reference,10,Children
emek_q451,2,Easy,Bible Studies,"In the standard 66-book Protestant Bible, what is the canonical position of James?",59,3,Historical,13,A,59,"Protestant biblical canon, book order",Canonical metadata,15,Bible books
emek_q452,2,Easy,Church History,In what year or period is Council of Ephesus commonly dated?,Second Great Awakening,381,431,Lausanne Congress,C,431,Council of Ephesus,Historical source,15,Church history
emek_q453,2,Easy,Christian Culture,What feast commemorates the descent of the Holy Spirit on the disciples?,Pentecost,"A spoken blessing, often at the close of worship",Eastertide,Lent,A,Pentecost,Acts 2; Christian liturgical calendar,Worship,15,Worship
emek_q454,2,Easy,Christian Literature,Who is associated with the work “Summa contra Gentiles”?,Athanasius of Alexandria,Basil of Caesarea,Richard Foster,Thomas Aquinas,D,Thomas Aquinas,"Thomas Aquinas, Summa contra Gentiles",Book/source,15,Christian books
emek_q455,2,Easy,Christianity in India,Which missionary is associated with the Serampore mission and Bengali Bible translation?,William Carey,Hermann Gundert,Tranquebar,Bartholomäus Ziegenbalg,A,William Carey,Serampore mission records,India Christianity,15,India Christianity
emek_q456,2,Easy,Christian Theology,What term describes the Christian teaching that God is one being in three persons?,Incarnation,Second Coming,Theology proper,Trinity,D,Trinity,"Nicene-Constantinopolitan Creed; Athanasius, On the Incarnation",Doctrine,15,Doctrine
emek_q457,2,Easy,Creeds & Confessions,What Baptist confession was first published in 1689?,Nicene Creed,Augsburg Confession,Athanasian Creed,Second London Baptist Confession,D,Second London Baptist Confession,Second London Baptist Confession (1689),Confessions,15,Confessions
emek_q458,2,Easy,Denominations & Movements,In which U.S. city did the Azusa Street revival begin?,Los Angeles,Anabaptism,Lutheranism,Pentecostalism,A,Los Angeles,"Frank Bartleman, How Pentecostal Came to Los Angeles",Pentecostal history,15,Pentecostal history
emek_q459,2,Easy,Christian Leadership,What title did the early church use for a local overseer?,Bishop/overseer,An angel of the Lord,The stone had been removed,Priests carrying it on their shoulders,A,Bishop/overseer,1 Timothy 3:1; Greek episkopos,Early church leadership,15,Early church leadership
emek_q460,2,Easy,Christian Education,What is a catechism?,Christian instruction in the faith,Concise instruction in Christian doctrine,A teaching document in question-and-answer or instructional form,A schedule or collection of appointed Scripture readings,C,A teaching document in question-and-answer or instructional form,Westminster Shorter Catechism; Roman Catechism,Education,15,Education
emek_q461,2,Easy,Christian Scholarship,What is biblical hermeneutics?,Writing attributed to a person other than the actual author,The study and practice of interpreting biblical texts,Drawing meaning from a text through interpretation,A record of significant manuscript variants and evidence,B,The study and practice of interpreting biblical texts,Christian hermeneutics reference works,Scholarship,15,Scholarship
emek_q462,2,Easy,Missions,Which missionary is associated with work among the Maasai and other East African peoples through the Africa Inland Mission tradition?,Elisabeth Elliot,"Lausanne, Switzerland",Peter Cameron Scott,The Auca Five,C,Peter Cameron Scott,Africa Inland Mission history,African missions,15,African missions
emek_q463,2,Easy,Bible Studies,How many chapters are in the book of 2 Thessalonians?,13,3,Historical,59,B,3,2 Thessalonians (chapter count),Bible reference metadata,15,Bible books
emek_q464,2,Easy,Church History,In what year or period is Council of Constantinople commonly dated?,431,381,Lausanne Congress,Second Great Awakening,B,381,First Council of Constantinople,Historical source,15,Church history
emek_q465,2,Easy,Christian Culture,What is a benediction?,Lent,Eastertide,"A spoken blessing, often at the close of worship",Pentecost,C,"A spoken blessing, often at the close of worship",Christian worship terminology,Worship,15,Worship
emek_q466,2,Easy,Christian Literature,Who wrote On the Incarnation?,Basil of Caesarea,Athanasius of Alexandria,Thomas Aquinas,Richard Foster,B,Athanasius of Alexandria,"Athanasius, On the Incarnation",Patristic theology,15,Patristic theology
emek_q467,2,Easy,Christianity in India,Which Danish settlement became the base for Bartholomäus Ziegenbalg’s mission in India?,Tranquebar,William Carey,Bartholomäus Ziegenbalg,Hermann Gundert,A,Tranquebar,Ziegenbalg correspondence and Tranquebar mission history,India Christianity,15,India Christianity
emek_q468,2,Easy,Christian Theology,What term describes the teaching that Jesus Christ is truly God and truly human?,Trinity,Theology proper,Second Coming,Incarnation,D,Incarnation,John 1:14; Council of Chalcedon (451),Christology,15,Christology
emek_q469,2,Easy,Creeds & Confessions,What Lutheran confession was presented at Augsburg in 1530?,Second London Baptist Confession,Nicene Creed,Augsburg Confession,Athanasian Creed,C,Augsburg Confession,Augsburg Confession (1530),Confessions,15,Confessions
emek_q470,2,Easy,Denominations & Movements,Which Christian movement is especially associated with the Azusa Street revival of 1906?,Los Angeles,Lutheranism,Pentecostalism,Anabaptism,C,Pentecostalism,Azusa Street historical records; Acts 2,Pentecostal history,15,Pentecostal history
emek_q471,2,Easy,Christian Leadership,What Greek term is commonly translated “elder”?,Presbyteros,An angel of the Lord,Priests carrying it on their shoulders,The stone had been removed,A,Presbyteros,Acts 14:23; Titus 1:5,Early church leadership,15,Early church leadership
emek_q472,2,Easy,Christian Education,What is catechesis?,Concise instruction in Christian doctrine,A schedule or collection of appointed Scripture readings,A teaching document in question-and-answer or instructional form,Christian instruction in the faith,D,Christian instruction in the faith,Early Christian catechetical tradition; catechetical texts,Education,15,Education
emek_q473,2,Easy,Christian Scholarship,What is pseudepigraphy?,A record of significant manuscript variants and evidence,The study and practice of interpreting biblical texts,Drawing meaning from a text through interpretation,Writing attributed to a person other than the actual author,D,Writing attributed to a person other than the actual author,New Testament studies terminology,Scholarship,15,Scholarship
emek_q474,2,Easy,Missions,Where was the first major Lausanne Congress for World Evangelization held in 1974?,Peter Cameron Scott,Elisabeth Elliot,The Auca Five,"Lausanne, Switzerland",D,"Lausanne, Switzerland","Lausanne Covenant, 1974",Global missions,15,Global missions
emek_q475,2,Easy,Bible Studies,How many chapters are in the book of Hebrews?,59,3,13,Historical,C,13,Hebrews (chapter count),Bible reference metadata,15,Bible books
emek_q476,2,Easy,Church History,What event or institution is associated with early 19th century?,431,381,Lausanne Congress,Second Great Awakening,D,Second Great Awakening,American revival history,Historical source,15,Church history
emek_q477,2,Easy,Christian Culture,What is the period from Easter to Pentecost traditionally called?,"A spoken blessing, often at the close of worship",Lent,Pentecost,Eastertide,D,Eastertide,Christian liturgical calendar,Worship,15,Worship
emek_q478,2,Easy,Christian Literature,Who wrote Celebration of Discipline?,Thomas Aquinas,Richard Foster,Athanasius of Alexandria,Basil of Caesarea,B,Richard Foster,"Richard Foster, Celebration of Discipline",Christian spirituality,15,Christian spirituality
emek_q479,2,Easy,Christianity in India,Which Bible translator is associated with the Malayalam tradition and the Basel Mission?,Hermann Gundert,William Carey,Bartholomäus Ziegenbalg,Tranquebar,A,Hermann Gundert,"Gundert, Malayalam linguistic and biblical work",India Christianity,15,India Christianity
emek_q480,2,Easy,Christian Theology,What term refers to the study of God?,Incarnation,Second Coming,Trinity,Theology proper,D,Theology proper,Christian theological terminology,Doctrine,15,Doctrine
emek_q481,2,Easy,Creeds & Confessions,Which creed is longer and gives detailed teaching on the Trinity and incarnation?,Nicene Creed,Athanasian Creed,Augsburg Confession,Second London Baptist Confession,B,Athanasian Creed,Athanasian Creed,Creeds,15,Creeds
emek_q482,2,Easy,Denominations & Movements,What movement emphasized adult baptism of believers during the Reformation?,Pentecostalism,Los Angeles,Lutheranism,Anabaptism,D,Anabaptism,Anabaptist history; Schleitheim Confession (1527),Reformation,15,Reformation
emek_q483,2,Easy,Christian Leadership,What Greek term is commonly translated “deacon”?,Priests carrying it on their shoulders,The stone had been removed,Diakonos,An angel of the Lord,C,Diakonos,1 Timothy 3:8; Philippians 1:1,Early church leadership,15,Early church leadership
emek_q484,2,Easy,Christian Education,What is the Westminster Shorter Catechism primarily designed to provide?,A schedule or collection of appointed Scripture readings,Christian instruction in the faith,A teaching document in question-and-answer or instructional form,Concise instruction in Christian doctrine,D,Concise instruction in Christian doctrine,Westminster Shorter Catechism,Education,15,Education
emek_q485,2,Easy,Christian Scholarship,What is exegesis?,Writing attributed to a person other than the actual author,A record of significant manuscript variants and evidence,Drawing meaning from a text through interpretation,The study and practice of interpreting biblical texts,C,Drawing meaning from a text through interpretation,Biblical studies terminology,Scholarship,15,Scholarship
emek_q486,2,Easy,Missions,Who wrote Through Gates of Splendor?,"Lausanne, Switzerland",The Auca Five,Peter Cameron Scott,Elisabeth Elliot,D,Elisabeth Elliot,"Elisabeth Elliot, Through Gates of Splendor",Modern missions,15,Modern missions
emek_q487,2,Easy,Bible Studies,Which broad literary section is 2 Samuel commonly placed in?,13,3,Historical,59,C,Historical,Introduction to 2 Samuel; Protestant Bible classification,Bible reference metadata,15,Bible books
emek_q488,2,Easy,Church History,What event or institution is associated with 1974?,431,381,Second Great Awakening,Lausanne Congress,D,Lausanne Congress,Lausanne Covenant,Historical source,15,Church history
emek_q489,2,Easy,Christian Culture,What season begins on Ash Wednesday in Western Christian calendars?,Eastertide,Pentecost,"A spoken blessing, often at the close of worship",Lent,D,Lent,Western liturgical calendar,Worship,15,Worship
emek_q490,2,Easy,Christian Literature,Who is associated with the work “On the Holy Spirit”?,Thomas Aquinas,Richard Foster,Athanasius of Alexandria,Basil of Caesarea,D,Basil of Caesarea,"Basil, On the Holy Spirit",Book/source,15,Christian books
emek_q491,2,Easy,Christianity in India,Who was the first Protestant missionary to India in the Danish-Halle mission commonly associated with Tranquebar?,Bartholomäus Ziegenbalg,Hermann Gundert,William Carey,Tranquebar,A,Bartholomäus Ziegenbalg,Ziegenbalg mission records,India Christianity,15,India Christianity
emek_q492,2,Easy,Christian Theology,What term refers to the return of Christ at the end of the age?,Trinity,Second Coming,Incarnation,Theology proper,B,Second Coming,1 Thessalonians 4:13-18; Christian eschatology,Doctrine,15,Doctrine
emek_q493,2,Easy,Creeds & Confessions,What creed begins with the words “We believe in one God”?,Athanasian Creed,Second London Baptist Confession,Augsburg Confession,Nicene Creed,D,Nicene Creed,Nicene Creed (325/381),Creeds,15,Creeds
emek_q494,2,Easy,Denominations & Movements,Which Reformation tradition is associated with Martin Luther?,Anabaptism,Lutheranism,Los Angeles,Pentecostalism,B,Lutheranism,Book of Concord; Reformation history,Denominations,15,Denominations
emek_q495,2,Easy,Christian Education,What is a lectionary?,Concise instruction in Christian doctrine,A teaching document in question-and-answer or instructional form,Christian instruction in the faith,A schedule or collection of appointed Scripture readings,D,A schedule or collection of appointed Scripture readings,Christian lectionary traditions,Education,15,Education
emek_q496,2,Easy,Christian Scholarship,What is textual apparatus in a critical edition of the New Testament?,The study and practice of interpreting biblical texts,Drawing meaning from a text through interpretation,A record of significant manuscript variants and evidence,Writing attributed to a person other than the actual author,C,A record of significant manuscript variants and evidence,NA28/UBS5 apparatus conventions,Scholarship,15,Scholarship
emek_q497,2,Easy,Missions,What was the name of the five missionaries killed in Ecuador in 1956 commonly associated with Through Gates of Splendor?,Elisabeth Elliot,"Lausanne, Switzerland",Peter Cameron Scott,The Auca Five,D,The Auca Five,"Elisabeth Elliot, Through Gates of Splendor",Modern missions,15,Modern missions
emek_q498,2,Easy,Bible Studies,"In the standard 66-book Protestant Bible, what is the canonical position of 1 Kings?",59,3,11,13,C,11,"Protestant biblical canon, book order",Canonical metadata,15,Bible books
emek_q499,2,Easy,Church History,In what year or period is First Great Awakening commonly dated?,Second Great Awakening,431,18th century,381,C,18th century,American revival history,Historical source,15,Church history
emek_q500,2,Easy,Christian Culture,What is a liturgy?,Eastertide,Pentecost,An ordered form or pattern of public worship,"A spoken blessing, often at the close of worship",C,An ordered form or pattern of public worship,Christian worship terminology,Worship,15,Worship
emek_q501,3,Moderate,Christian Literature,Who is associated with the work “Athanasius Against the Arians”?,Athanasius,Richard Foster,Athanasius of Alexandria,Thomas Aquinas,A,Athanasius,"Athanasius, Against the Arians",Book/source,20,Christian books
emek_q502,3,Moderate,Christianity in India,Which Indian Christian theologian wrote The Meaning of Christ?,P. Chenchiah,Hermann Gundert,Tranquebar,William Carey,A,P. Chenchiah,"P. Chenchiah, The Meaning of Christ",Indian Christian theology,20,Indian Christian theology
emek_q503,3,Moderate,Christian Theology,What is adoption in Christian soteriology?,Trinity,Being received as God’s children,Theology proper,Incarnation,B,Being received as God’s children,Romans 8:15; Galatians 4:5,Doctrine,20,Doctrine
emek_q504,3,Moderate,Creeds & Confessions,What council produced the formula associated with “of one substance” concerning the Son?,Council of Nicaea,Augsburg Confession,Second London Baptist Confession,Athanasian Creed,A,Council of Nicaea,Nicene Creed; Council of Nicaea (325),Creeds,20,Creeds
emek_q505,3,Moderate,Denominations & Movements,What movement emphasized holiness and sanctification within the nineteenth-century evangelical world?,Pentecostalism,Los Angeles,Anabaptism,Holiness movement,D,Holiness movement,Holiness movement history,Revival movements,20,Revival movements
emek_q506,3,Moderate,Christian Scholarship,What is eisegesis?,Writing attributed to a person other than the actual author,Reading an interpretation into a text rather than deriving it from the text,Drawing meaning from a text through interpretation,The study and practice of interpreting biblical texts,B,Reading an interpretation into a text rather than deriving it from the text,Biblical studies terminology,Scholarship,20,Scholarship
emek_q507,3,Moderate,Missions,What was Hudson Taylor’s missionary organization called?,Elisabeth Elliot,Peter Cameron Scott,"Lausanne, Switzerland",China Inland Mission,D,China Inland Mission,China Inland Mission records,Modern missions,20,Modern missions
emek_q508,3,Moderate,Bible Studies,Which broad literary section is Habakkuk commonly placed in?,59,Minor Prophets,3,13,B,Minor Prophets,Introduction to Habakkuk; Protestant Bible classification,Bible reference metadata,20,Bible books
emek_q509,3,Moderate,Church History,What event or institution is associated with 1949?,Billy Graham’s first major Los Angeles evangelistic campaign,431,381,Second Great Awakening,A,Billy Graham’s first major Los Angeles evangelistic campaign,Billy Graham archives / campaign history,Historical source,20,Church history
emek_q510,3,Moderate,Christian Culture,What is the Christian practice of publicly reading Scripture in worship commonly called?,Scripture reading,"A spoken blessing, often at the close of worship",Pentecost,Eastertide,A,Scripture reading,Christian worship practice,Worship,20,Worship
emek_q511,3,Moderate,Christian Literature,Who is associated with the work “On the Incarnation”?,Athanasius,Athanasius of Alexandria,Richard Foster,Thomas Aquinas,A,Athanasius,"Athanasius, On the Incarnation",Book/source,20,Christian books
emek_q512,3,Moderate,Christianity in India,Which Indian Christian leader founded the Christian Institute for the Study of Religion and Society in Bangalore?,Hermann Gundert,Tranquebar,William Carey,M. M. Thomas,D,M. M. Thomas,Christian Institute for the Study of Religion and Society history,Indian Christian thought,20,Indian Christian thought
emek_q513,3,Moderate,Christian Theology,What term refers to the study of the person and work of Christ?,Christology,Trinity,Theology proper,Incarnation,A,Christology,Christian theological terminology,Doctrine,20,Doctrine
emek_q514,3,Moderate,Creeds & Confessions,What council in 451 issued the Definition of Chalcedon?,Athanasian Creed,Second London Baptist Confession,Augsburg Confession,Council of Chalcedon,D,Council of Chalcedon,Definition of Chalcedon (451),Creeds,20,Creeds
emek_q515,3,Moderate,Denominations & Movements,What confession is associated with early Swiss Anabaptists in 1527?,Anabaptism,Pentecostalism,Schleitheim Confession,Los Angeles,C,Schleitheim Confession,Schleitheim Confession (1527),Anabaptism,20,Anabaptism
emek_q516,3,Moderate,Christian Scholarship,What is apologetics?,Drawing meaning from a text through interpretation,Writing attributed to a person other than the actual author,The study and practice of interpreting biblical texts,The reasoned defense or explanation of Christian belief,D,The reasoned defense or explanation of Christian belief,1 Peter 3:15; apologetics tradition,Scholarship,20,Scholarship
emek_q517,3,Moderate,Missions,Who is associated with the phrase “the whole church taking the whole gospel to the whole world”?,"Lausanne, Switzerland",Peter Cameron Scott,Lausanne Movement,Elisabeth Elliot,C,Lausanne Movement,"Lausanne Covenant, 1974",Global missions,20,Global missions
emek_q518,3,Moderate,Bible Studies,How many chapters are in the book of Micah?,59,13,7,3,C,7,Micah (chapter count),Bible reference metadata,20,Bible books
emek_q519,3,Moderate,Church History,What was the ancient city associated with Athanasius’ episcopal ministry?,Alexandria,431,381,Second Great Awakening,A,Alexandria,"Athanasius, Life of Antony",Patristic era,20,Patristic era
emek_q520,3,Moderate,Christian Culture,What is the traditional Christian name for the forty-day preparation before Easter?,Lent,"A spoken blessing, often at the close of worship",Pentecost,Eastertide,A,Lent,Christian liturgical calendar,Worship,20,Worship
emek_q521,3,Moderate,Christian Literature,Who wrote Interior Castle?,Richard Foster,Teresa of Ávila,Athanasius of Alexandria,Thomas Aquinas,B,Teresa of Ávila,"Teresa of Ávila, Interior Castle",Christian spirituality,20,Christian spirituality
emek_q522,3,Moderate,Christianity in India,Which Indian Christian theologian is known for Christ-centered dialogue with Indian philosophy and wrote The Christ of the Indian Road?,Tranquebar,E. Stanley Jones,Hermann Gundert,William Carey,B,E. Stanley Jones,"E. Stanley Jones, The Christ of the Indian Road",Indian Christian thought,20,Indian Christian thought
emek_q523,3,Moderate,Christian Theology,What is atonement?,Trinity,Christian teaching concerning reconciliation between God and sinners through Christ,Theology proper,Incarnation,B,Christian teaching concerning reconciliation between God and sinners through Christ,Romans 3:25; Christian theology,Doctrine,20,Doctrine
emek_q524,3,Moderate,Creeds & Confessions,Which creed is traditionally associated with the baptismal faith of the early Western church and Rome?,Augsburg Confession,Second London Baptist Confession,Athanasian Creed,Apostles’ Creed,D,Apostles’ Creed,Apostles’ Creed,Creeds,20,Creeds
emek_q525,3,Moderate,Denominations & Movements,Which tradition traces its modern origins to John Wesley’s revival movement?,Los Angeles,Anabaptism,Methodism,Pentecostalism,C,Methodism,"John Wesley, sermons and journals; Methodist history",Denominations,20,Denominations
emek_q526,3,Moderate,Christian Scholarship,What is patristics?,Drawing meaning from a text through interpretation,The study of the early Christian Fathers and their writings,The study and practice of interpreting biblical texts,Writing attributed to a person other than the actual author,B,The study of the early Christian Fathers and their writings,Patristic studies terminology,Scholarship,20,Scholarship
emek_q527,3,Moderate,Missions,Which organization was founded in 1792 by William Carey and others as a Baptist missionary society?,"Lausanne, Switzerland",Baptist Missionary Society,Elisabeth Elliot,Peter Cameron Scott,B,Baptist Missionary Society,Baptist Missionary Society records; 1792,Modern missions,20,Modern missions
emek_q528,3,Moderate,Bible Studies,Is Song of Solomon part of the Old Testament or New Testament?,Old Testament,3,13,59,A,Old Testament,Song of Solomon; Protestant biblical canon,Canonical metadata,20,Bible books
emek_q529,3,Moderate,Church History,In what year or period is Azusa Street revival commonly dated?,1906,381,431,Second Great Awakening,A,1906,Azusa Street historical records,Historical source,20,Church history
emek_q530,3,Moderate,Christian Culture,What feast celebrates the resurrection of Jesus?,Eastertide,Pentecost,"A spoken blessing, often at the close of worship",Easter,D,Easter,Christian liturgical calendar; New Testament,Worship,20,Worship
emek_q531,3,Moderate,Christian Literature,Who is associated with the work “The Knowledge of the Holy”?,Thomas Aquinas,A. W. Tozer,Athanasius of Alexandria,Richard Foster,B,A. W. Tozer,"A. W. Tozer, The Knowledge of the Holy",Book/source,20,Christian books
emek_q532,3,Moderate,Christianity in India,What is the traditional name of the ancient Christian community of Kerala associated with Thomas?,Saint Thomas Christians,William Carey,Tranquebar,Hermann Gundert,A,Saint Thomas Christians,Thomas Christian tradition in India,India Christianity,20,India Christianity
emek_q533,3,Moderate,Christian Theology,What is reconciliation?,Incarnation,Restoration of relationship between parties who were estranged,Trinity,Theology proper,B,Restoration of relationship between parties who were estranged,2 Corinthians 5:18-20,Doctrine,20,Doctrine
emek_q534,3,Moderate,Creeds & Confessions,What is the title of the 39 doctrinal statements of the Church of England?,Augsburg Confession,Thirty-Nine Articles,Athanasian Creed,Second London Baptist Confession,B,Thirty-Nine Articles,Thirty-Nine Articles (1571),Anglicanism,20,Anglicanism
emek_q535,3,Moderate,Denominations & Movements,Which Reformation tradition is associated with John Calvin?,Reformed tradition,Anabaptism,Los Angeles,Pentecostalism,A,Reformed tradition,"Calvin, Institutes; Reformation history",Denominations,20,Denominations
emek_q536,3,Moderate,Christian Scholarship,What is canon in biblical studies?,The study and practice of interpreting biblical texts,Writing attributed to a person other than the actual author,The recognized collection of authoritative Scriptures,Drawing meaning from a text through interpretation,C,The recognized collection of authoritative Scriptures,Early church canonical lists; biblical canon studies,Scholarship,20,Scholarship
emek_q537,3,Moderate,Missions,Who is widely known for missionary work in India and translating Scripture into Bengali?,William Carey,Peter Cameron Scott,Elisabeth Elliot,"Lausanne, Switzerland",A,William Carey,"William Carey, Enquiry; Serampore mission records",Modern missions,20,Modern missions
emek_q538,3,Moderate,Bible Studies,How many chapters are in the book of 1 Kings?,3,22,59,13,B,22,1 Kings (chapter count),Bible reference metadata,20,Bible books
emek_q539,3,Moderate,Church History,What council met in 325 to address the Arian controversy?,381,Second Great Awakening,Council of Nicaea,431,C,Council of Nicaea,"Eusebius, Life of Constantine 3.6-14",Ecumenical councils,20,Ecumenical councils
emek_q540,3,Moderate,Christian Culture,What is the season of the Christian calendar leading up to Christmas called?,Pentecost,Advent,"A spoken blessing, often at the close of worship",Eastertide,B,Advent,Christian liturgical calendar,Worship,20,Worship
emek_q541,3,Moderate,Christian Literature,Who is associated with the work “The Anabaptist Vision”?,Harold S. Bender,Richard Foster,Thomas Aquinas,Athanasius of Alexandria,A,Harold S. Bender,"Harold S. Bender, The Anabaptist Vision",Book/source,20,Christian books
emek_q542,3,Moderate,Christianity in India,What is the ancient East Syrian liturgical tradition historically used by many Saint Thomas Christians called?,East Syriac tradition,William Carey,Hermann Gundert,Tranquebar,A,East Syriac tradition,Thomas Christian liturgical history,India Christianity,20,India Christianity
emek_q543,3,Moderate,Christian Theology,What term refers to the process of being made holy?,Theology proper,Trinity,Incarnation,Sanctification,D,Sanctification,1 Thessalonians 4:3; Christian theology,Doctrine,20,Doctrine
emek_q544,3,Moderate,Creeds & Confessions,What confession was adopted by the Westminster Assembly in the 1640s?,Westminster Confession of Faith,Second London Baptist Confession,Augsburg Confession,Athanasian Creed,A,Westminster Confession of Faith,Westminster Confession of Faith (1646),Confessions,20,Confessions
emek_q545,3,Moderate,Christian Scholarship,What is textual criticism primarily concerned with in biblical studies?,Reconstructing the earliest attainable text from manuscript evidence,The study and practice of interpreting biblical texts,Drawing meaning from a text through interpretation,Writing attributed to a person other than the actual author,A,Reconstructing the earliest attainable text from manuscript evidence,New Testament textual criticism methodology,Scholarship,20,Scholarship
emek_q546,3,Moderate,Missions,Who is associated with missionary work in the Congo and the book Through Gates of Splendor?,"Lausanne, Switzerland",Jim Elliot,Elisabeth Elliot,Peter Cameron Scott,B,Jim Elliot,Through Gates of Splendor; Elisabeth Elliot,Modern missions,20,Modern missions
emek_q547,3,Moderate,Bible Studies,"In the standard 66-book Protestant Bible, what is the canonical position of Isaiah?",13,59,23,3,C,23,"Protestant biblical canon, book order",Canonical metadata,20,Bible books
emek_q548,3,Moderate,Church History,What document of 1215 limited aspects of royal authority in medieval England?,Second Great Awakening,431,Magna Carta,381,C,Magna Carta,Magna Carta (1215),Christian-era history,20,Christian-era history
emek_q549,3,Moderate,Christian Culture,What is a doxology?,Eastertide,An expression of praise to God,Pentecost,"A spoken blessing, often at the close of worship",B,An expression of praise to God,Christian worship terminology,Worship,20,Worship
emek_q550,3,Moderate,Christian Literature,Who wrote The Cost of Discipleship?,Thomas Aquinas,Athanasius of Alexandria,Dietrich Bonhoeffer,Richard Foster,C,Dietrich Bonhoeffer,"Dietrich Bonhoeffer, The Cost of Discipleship",Christian theology,20,Christian theology
emek_q551,4,Intermediate,Christianity in India,Which apostle is traditionally associated with the ancient Christian community of Kerala?,Hermann Gundert,Thomas,Tranquebar,William Carey,B,Thomas,Acts of Thomas tradition; Thomas Christian tradition in India,India Christianity,25,India Christianity
emek_q552,4,Intermediate,Christian Theology,What term refers to the study of salvation?,Trinity,Incarnation,Theology proper,Soteriology,D,Soteriology,Christian theological terminology,Doctrine,25,Doctrine
emek_q553,4,Intermediate,Creeds & Confessions,What confession is associated with the English Puritans and Congregationalists and was adopted in 1658?,Second London Baptist Confession,Athanasian Creed,Augsburg Confession,Savoy Declaration,D,Savoy Declaration,Savoy Declaration (1658),Confessions,25,Confessions
emek_q554,4,Intermediate,Missions,Who founded the Methodist missions movement in the early modern period?,John Wesley,Peter Cameron Scott,Elisabeth Elliot,"Lausanne, Switzerland",A,John Wesley,"John Wesley, Journal",Methodist missions,25,Methodist missions
emek_q555,4,Intermediate,Bible Studies,Is Nehemiah part of the Old Testament or New Testament?,59,13,3,Old Testament,D,Old Testament,Nehemiah; Protestant biblical canon,Canonical metadata,25,Bible books
emek_q556,4,Intermediate,Church History,What event or institution is associated with 313?,381,Edict of Milan,431,Second Great Awakening,B,Edict of Milan,Edict of Milan,Historical source,25,Church history
emek_q557,4,Intermediate,Christian Culture,What feast traditionally commemorates Jesus’ ascension?,Ascension Day,Eastertide,Pentecost,"A spoken blessing, often at the close of worship",A,Ascension Day,Acts 1:9-11; Christian calendar,Worship,25,Worship
emek_q558,4,Intermediate,Christian Literature,Who wrote The Pursuit of God?,Thomas Aquinas,Richard Foster,Athanasius of Alexandria,A. W. Tozer,D,A. W. Tozer,"A. W. Tozer, The Pursuit of God",Christian spirituality,25,Christian spirituality
emek_q559,4,Intermediate,Christian Theology,What theological term refers to God declaring a sinner righteous?,Incarnation,Theology proper,Trinity,Justification,D,Justification,Romans 3:21-26; Reformation confessions,Doctrine,25,Doctrine
emek_q560,4,Intermediate,Creeds & Confessions,What Methodist doctrinal summary is commonly associated with John Wesley?,Augsburg Confession,Articles of Religion,Second London Baptist Confession,Athanasian Creed,B,Articles of Religion,Methodist Articles of Religion,Methodism,25,Methodism
emek_q561,4,Intermediate,Missions,Who founded the China Inland Mission?,James Hudson Taylor,Peter Cameron Scott,Elisabeth Elliot,"Lausanne, Switzerland",A,James Hudson Taylor,China Inland Mission history,Modern missions,25,Modern missions
emek_q562,4,Intermediate,Bible Studies,"In the standard 66-book Protestant Bible, what is the canonical position of Titus?",56,59,3,13,A,56,"Protestant biblical canon, book order",Canonical metadata,25,Bible books
emek_q563,4,Intermediate,Church History,In what year or period is Synod of Dort commonly dated?,Second Great Awakening,431,381,1618–1619,D,1618–1619,Synod of Dort,Historical source,25,Church history
emek_q564,4,Intermediate,Christian Literature,Who is associated with the work “The Confessions of St. Patrick”?,Thomas Aquinas,Richard Foster,Athanasius of Alexandria,Patrick,D,Patrick,"Patrick, Confessio",Book/source,25,Christian books
emek_q565,4,Intermediate,Christian Theology,What theological term means God’s unmerited favor toward sinners?,Trinity,Theology proper,Grace,Incarnation,C,Grace,Ephesians 2:8-9; Christian doctrine,Doctrine,25,Doctrine
emek_q566,4,Intermediate,Bible Studies,"In the standard 66-book Protestant Bible, what is the canonical position of Job?",13,59,18,3,C,18,"Protestant biblical canon, book order",Canonical metadata,25,Bible books
emek_q567,4,Intermediate,Church History,Which English monarch established the Church of England’s break with papal jurisdiction during the 1530s?,Second Great Awakening,431,381,Henry VIII,D,Henry VIII,Acts of Supremacy (1534),Reformation,25,Reformation
emek_q568,4,Intermediate,Christian Literature,Who is associated with the work “Ecclesiastical History”?,Thomas Aquinas,Eusebius,Athanasius of Alexandria,Richard Foster,B,Eusebius,"Eusebius, Ecclesiastical History",Book/source,25,Christian books
emek_q569,4,Intermediate,Christian Theology,What is regeneration?,New birth or spiritual rebirth,Trinity,Incarnation,Theology proper,A,New birth or spiritual rebirth,John 3:3-8; Titus 3:5,Doctrine,25,Doctrine
emek_q570,4,Intermediate,Bible Studies,"In the standard 66-book Protestant Bible, what is the canonical position of Leviticus?",3,59,Historical,13,A,3,"Protestant biblical canon, book order",Canonical metadata,25,Bible books
emek_q571,4,Intermediate,Church History,What event or institution is associated with 381?,Second Great Awakening,431,Council of Constantinople,381,C,Council of Constantinople,First Council of Constantinople,Historical source,25,Church history
emek_q572,4,Intermediate,Christian Literature,Who wrote Institutes of the Christian Religion?,Thomas Aquinas,Richard Foster,John Calvin,Athanasius of Alexandria,C,John Calvin,"John Calvin, Institutes of the Christian Religion",Reformation,25,Reformation
emek_q573,4,Intermediate,Christian Theology,What term refers to the study of the last things?,Eschatology,Trinity,Theology proper,Incarnation,A,Eschatology,Christian theological terminology,Doctrine,25,Doctrine
emek_q574,4,Intermediate,Bible Studies,Is 2 Kings part of the Old Testament or New Testament?,13,59,3,Old Testament,D,Old Testament,2 Kings; Protestant biblical canon,Canonical metadata,25,Bible books
emek_q575,4,Intermediate,Church History,Which bishop of Hippo wrote Confessions?,381,Second Great Awakening,Augustine of Hippo,431,C,Augustine of Hippo,"Augustine, Confessions",Christian literature,25,Christian literature
emek_q576,4,Intermediate,Christian Literature,Who is associated with the work “The Book of Common Prayer”?,Athanasius of Alexandria,Thomas Aquinas,Thomas Cranmer tradition,Richard Foster,C,Thomas Cranmer tradition,Book of Common Prayer,Book/source,25,Christian books
emek_q577,4,Intermediate,Christian Theology,What is glorification?,Trinity,Incarnation,Theology proper,The final transformation of believers into the likeness of Christ,D,The final transformation of believers into the likeness of Christ,Romans 8:30; 1 Corinthians 15:42-49,Doctrine,25,Doctrine
emek_q578,4,Intermediate,Bible Studies,Which broad literary section is Acts commonly placed in?,3,13,59,History,D,History,Introduction to Acts; Protestant Bible classification,Bible reference metadata,25,Bible books
emek_q579,4,Intermediate,Church History,Who wrote the Rule of Saint Benedict?,Second Great Awakening,Benedict of Nursia,381,431,B,Benedict of Nursia,Rule of Saint Benedict,Monasticism,25,Monasticism
emek_q580,4,Intermediate,Christian Literature,Who is associated with the work “Confessions”?,Richard Foster,Thomas Aquinas,Athanasius of Alexandria,Augustine,D,Augustine,"Augustine, Confessions",Book/source,25,Christian books
emek_q581,4,Intermediate,Christian Theology,What is redemption?,Theology proper,Deliverance associated with a price or ransom,Incarnation,Trinity,B,Deliverance associated with a price or ransom,Ephesians 1:7; Christian theology,Doctrine,25,Doctrine
emek_q582,4,Intermediate,Bible Studies,Which broad literary section is Leviticus commonly placed in?,13,59,Pentateuch,3,C,Pentateuch,Introduction to Leviticus; Protestant Bible classification,Bible reference metadata,25,Bible books
emek_q583,4,Intermediate,Church History,Which early Christian text is a major source for the baptismal and Eucharistic practice of its community?,381,431,Second Great Awakening,Didache,D,Didache,Didache 7-10,Early Christianity,25,Early Christianity
emek_q584,4,Intermediate,Christian Literature,Who is associated with the work “Grace Abounding to the Chief of Sinners”?,John Bunyan,Thomas Aquinas,Athanasius of Alexandria,Richard Foster,A,John Bunyan,"John Bunyan, Grace Abounding",Book/source,25,Christian books
emek_q585,4,Intermediate,Christian Theology,What is original sin in Western Christian theology?,Theology proper,Trinity,Incarnation,The inherited condition of sinfulness associated with humanity’s fall,D,The inherited condition of sinfulness associated with humanity’s fall,"Augustine, writings on sin; Romans 5",Doctrine,25,Doctrine
emek_q586,4,Intermediate,Bible Studies,Which broad literary section is Jude commonly placed in?,General Epistle,13,59,3,A,General Epistle,Introduction to Jude; Protestant Bible classification,Bible reference metadata,25,Bible books
emek_q587,4,Intermediate,Church History,Which Roman emperor was associated with the Great Persecution beginning in 303?,381,431,Diocletian,Second Great Awakening,C,Diocletian,"Lactantius, On the Deaths of the Persecutors",Roman Empire,25,Roman Empire
emek_q588,4,Intermediate,Christian Literature,What is the title of Augustine’s work describing his spiritual autobiography and prayers?,Confessions,Richard Foster,Athanasius of Alexandria,Thomas Aquinas,A,Confessions,"Augustine, Confessions",Christian literature,25,Christian literature
emek_q589,4,Intermediate,Christian Theology,What term refers to the study of the church?,Incarnation,Trinity,Ecclesiology,Theology proper,C,Ecclesiology,Christian theological terminology,Doctrine,25,Doctrine
emek_q590,4,Intermediate,Bible Studies,How many chapters are in the book of Galatians?,6,3,13,59,A,6,Galatians (chapter count),Bible reference metadata,25,Bible books
emek_q591,4,Intermediate,Church History,In what year or period is Second Great Awakening commonly dated?,early 19th century,431,Second Great Awakening,381,A,early 19th century,American revival history,Historical source,25,Church history
emek_q592,4,Intermediate,Christian Literature,Who is associated with the work “The Spirit of the Disciplines”?,Dallas Willard,Richard Foster,Athanasius of Alexandria,Thomas Aquinas,A,Dallas Willard,"Dallas Willard, The Spirit of the Disciplines",Book/source,25,Christian books
emek_q593,4,Intermediate,Christian Theology,What term refers to the study of the Holy Spirit?,Trinity,Incarnation,Theology proper,Pneumatology,D,Pneumatology,Christian theological terminology,Doctrine,25,Doctrine
emek_q594,4,Intermediate,Bible Studies,Is Habakkuk part of the Old Testament or New Testament?,Old Testament,3,13,59,A,Old Testament,Habakkuk; Protestant biblical canon,Canonical metadata,25,Bible books
emek_q595,4,Intermediate,Church History,What event or institution is associated with 1545–1563?,Council of Trent,381,431,Second Great Awakening,A,Council of Trent,Council of Trent,Historical source,25,Church history
emek_q596,4,Intermediate,Christian Literature,Who wrote Knowing God?,Thomas Aquinas,J. I. Packer,Athanasius of Alexandria,Richard Foster,B,J. I. Packer,"J. I. Packer, Knowing God",Christian theology,25,Christian theology
emek_q597,4,Intermediate,Bible Studies,How many chapters are in the book of 2 Timothy?,59,3,13,4,D,4,2 Timothy (chapter count),Bible reference metadata,25,Bible books
emek_q598,4,Intermediate,Church History,Who wrote the Didache?,381,Unknown early Christian author/editor,431,Second Great Awakening,B,Unknown early Christian author/editor,Didache,Early Christianity,25,Early Christianity
emek_q599,4,Intermediate,Christian Literature,Who is associated with the work “Freedom of a Christian”?,Martin Luther,Athanasius of Alexandria,Thomas Aquinas,Richard Foster,A,Martin Luther,"Martin Luther, The Freedom of a Christian",Book/source,25,Christian books
emek_q600,4,Intermediate,Bible Studies,Is Jeremiah part of the Old Testament or New Testament?,13,59,Old Testament,3,C,Old Testament,Jeremiah; Protestant biblical canon,Canonical metadata,25,Bible books
emek_q601,5,Advanced,Church History,In what year or period is Peace of Augsburg commonly dated?,431,381,1555,Second Great Awakening,C,1555,Peace of Augsburg,Historical source,30,Church history
emek_q602,5,Advanced,Christian Literature,Who is associated with the work “City of God”?,Augustine,Athanasius of Alexandria,Thomas Aquinas,Richard Foster,A,Augustine,"Augustine, City of God",Book/source,30,Christian books
emek_q603,5,Advanced,Bible Studies,Which broad literary section is Deuteronomy commonly placed in?,3,59,13,Pentateuch,D,Pentateuch,Introduction to Deuteronomy; Protestant Bible classification,Bible reference metadata,30,Bible books
emek_q604,5,Advanced,Church History,In what year or period is Salvation Army commonly dated?,381,431,1865,Second Great Awakening,C,1865,William and Catherine Booth; Salvation Army history,Historical source,30,Church history
emek_q605,5,Advanced,Christian Literature,Who wrote The City of God?,Athanasius of Alexandria,Richard Foster,Augustine of Hippo,Thomas Aquinas,C,Augustine of Hippo,"Augustine, City of God",Christian literature,30,Christian literature
emek_q606,5,Advanced,Bible Studies,How many chapters are in the book of 3 John?,3,59,13,1,D,1,3 John (chapter count),Bible reference metadata,30,Bible books
emek_q607,5,Advanced,Church History,In what year or period is Society for the Propagation of the Gospel commonly dated?,431,381,1701,Second Great Awakening,C,1701,SPG history,Historical source,30,Church history
emek_q608,5,Advanced,Christian Literature,Who is associated with the work “Bondage of the Will”?,Martin Luther,Richard Foster,Thomas Aquinas,Athanasius of Alexandria,A,Martin Luther,"Martin Luther, The Bondage of the Will",Book/source,30,Christian books
emek_q609,5,Advanced,Bible Studies,"In the standard 66-book Protestant Bible, what is the canonical position of Romans?",45,3,13,59,A,45,"Protestant biblical canon, book order",Canonical metadata,30,Bible books
emek_q610,5,Advanced,Church History,In what year or period is Moravian Church missions commonly dated?,Second Great Awakening,381,18th century,431,C,18th century,Moravian mission history,Historical source,30,Church history
emek_q611,5,Advanced,Christian Literature,Who wrote Mere Christianity?,Athanasius of Alexandria,C. S. Lewis,Thomas Aquinas,Richard Foster,B,C. S. Lewis,"C. S. Lewis, Mere Christianity",Christian apologetics,30,Christian apologetics
emek_q612,5,Advanced,Bible Studies,Which broad literary section is 2 Chronicles commonly placed in?,Historical,13,59,3,A,Historical,Introduction to 2 Chronicles; Protestant Bible classification,Bible reference metadata,30,Bible books
emek_q613,5,Advanced,Church History,In what year or period is Student Volunteer Movement commonly dated?,431,1886,Second Great Awakening,381,B,1886,Missionary movement history,Historical source,30,Church history
emek_q614,5,Advanced,Christian Literature,Who wrote The Four Loves?,Athanasius of Alexandria,Thomas Aquinas,C. S. Lewis,Richard Foster,C,C. S. Lewis,"C. S. Lewis, The Four Loves",Christian literature,30,Christian literature
emek_q615,5,Advanced,Bible Studies,Which broad literary section is Revelation commonly placed in?,59,3,Apocalyptic,13,C,Apocalyptic,Introduction to Revelation; Protestant Bible classification,Bible reference metadata,30,Bible books
emek_q616,5,Advanced,Church History,In what year or period is Basel Mission commonly dated?,1815,431,Second Great Awakening,381,A,1815,Basel Mission history,Historical source,30,Church history
emek_q617,5,Advanced,Christian Literature,Who is associated with the work “Don’t Waste Your Life”?,John Piper,Richard Foster,Athanasius of Alexandria,Thomas Aquinas,A,John Piper,"John Piper, Don’t Waste Your Life",Book/source,30,Christian books
emek_q618,5,Advanced,Bible Studies,Is 2 Samuel part of the Old Testament or New Testament?,3,Old Testament,59,13,B,Old Testament,2 Samuel; Protestant biblical canon,Canonical metadata,30,Bible books
emek_q619,5,Advanced,Church History,In what year or period is Evangelical Alliance commonly dated?,1846,381,Second Great Awakening,431,A,1846,Evangelical Alliance history,Historical source,30,Church history
emek_q620,5,Advanced,Christian Literature,Who wrote The Hiding Place?,Richard Foster,Athanasius of Alexandria,Corrie ten Boom,Thomas Aquinas,C,Corrie ten Boom,"Corrie ten Boom, The Hiding Place",Christian biography,30,Christian biography
emek_q621,5,Advanced,Bible Studies,Which broad literary section is Nehemiah commonly placed in?,3,13,Historical,59,C,Historical,Introduction to Nehemiah; Protestant Bible classification,Bible reference metadata,30,Bible books
emek_q622,5,Advanced,Church History,In what year or period is Council of Chalcedon commonly dated?,Second Great Awakening,451,431,381,B,451,Council of Chalcedon,Historical source,30,Church history
emek_q623,5,Advanced,Christian Literature,Who is associated with the work “Proslogion”?,Athanasius of Alexandria,Anselm,Richard Foster,Thomas Aquinas,B,Anselm,"Anselm, Proslogion",Book/source,30,Christian books
emek_q624,5,Advanced,Bible Studies,How many chapters are in the book of 2 Peter?,59,Historical,3,13,C,3,2 Peter (chapter count),Bible reference metadata,30,Bible books
emek_q625,5,Advanced,Church History,What event or institution is associated with 325?,431,Second Great Awakening,381,Council of Nicaea,D,Council of Nicaea,Council of Nicaea,Historical source,30,Church history
emek_q626,5,Advanced,Christian Literature,Who is associated with the work “Shadow of the Almighty”?,Elisabeth Elliot,Thomas Aquinas,Richard Foster,Athanasius of Alexandria,A,Elisabeth Elliot,"Elisabeth Elliot, Shadow of the Almighty",Book/source,30,Christian books
emek_q627,5,Advanced,Bible Studies,"In the standard 66-book Protestant Bible, what is the canonical position of Micah?",13,3,59,33,D,33,"Protestant biblical canon, book order",Canonical metadata,30,Bible books
emek_q628,5,Advanced,Church History,Who is commonly called the father of monasticism in connection with the Egyptian desert?,Second Great Awakening,431,Anthony the Great,381,C,Anthony the Great,"Athanasius, Life of Antony",Monasticism,30,Monasticism
emek_q629,5,Advanced,Christian Literature,Who wrote The Hound of Heaven?,Richard Foster,Thomas Aquinas,Francis Thompson,Athanasius of Alexandria,C,Francis Thompson,"Francis Thompson, The Hound of Heaven",Christian poetry,30,Christian poetry
emek_q630,5,Advanced,Bible Studies,Is 1 Chronicles part of the Old Testament or New Testament?,59,3,Old Testament,13,C,Old Testament,1 Chronicles; Protestant biblical canon,Canonical metadata,30,Bible books
emek_q631,5,Advanced,Church History,In what year or period is Billy Graham’s first major Los Angeles evangelistic campaign commonly dated?,431,1949,381,Second Great Awakening,B,1949,Billy Graham archives / campaign history,Historical source,30,Church history
emek_q632,5,Advanced,Christian Literature,Who wrote The Cross of Christ?,Richard Foster,John Stott,Thomas Aquinas,Athanasius of Alexandria,B,John Stott,"John Stott, The Cross of Christ",Christian theology,30,Christian theology
emek_q633,5,Advanced,Bible Studies,Is Joel part of the Old Testament or New Testament?,Old Testament,59,13,3,A,Old Testament,Joel; Protestant biblical canon,Canonical metadata,30,Bible books
emek_q634,5,Advanced,Church History,In what year or period is Lausanne Congress commonly dated?,1974,381,431,Second Great Awakening,A,1974,Lausanne Covenant,Historical source,30,Church history
emek_q635,5,Advanced,Christian Literature,Who is associated with the work “On Christian Doctrine”?,Richard Foster,Thomas Aquinas,Augustine,Athanasius of Alexandria,C,Augustine,"Augustine, On Christian Doctrine",Book/source,30,Christian books
emek_q636,5,Advanced,Bible Studies,"In the standard 66-book Protestant Bible, what is the canonical position of Song of Solomon?",59,3,13,22,D,22,"Protestant biblical canon, book order",Canonical metadata,30,Bible books
emek_q637,5,Advanced,Church History,What event or institution is associated with 1844?,381,431,Young Men’s Christian Association,Second Great Awakening,C,Young Men’s Christian Association,YMCA history,Historical source,30,Church history
emek_q638,5,Advanced,Christian Literature,What is the name of Patrick’s autobiographical work?,Athanasius of Alexandria,Richard Foster,Thomas Aquinas,Confessio,D,Confessio,"Patrick, Confessio",Christian history,30,Christian history
emek_q639,5,Advanced,Bible Studies,"In the standard 66-book Protestant Bible, what is the canonical position of Joel?",13,29,3,59,B,29,"Protestant biblical canon, book order",Canonical metadata,30,Bible books
emek_q640,5,Advanced,Church History,What event or institution is associated with 18th century?,431,381,Second Great Awakening,First Great Awakening,D,First Great Awakening,American revival history,Historical source,30,Church history
emek_q641,5,Advanced,Christian Literature,Who wrote The Practice of the Presence of God?,Richard Foster,Thomas Aquinas,Brother Lawrence,Athanasius of Alexandria,C,Brother Lawrence,"Brother Lawrence, The Practice of the Presence of God",Christian spirituality,30,Christian spirituality
emek_q642,5,Advanced,Bible Studies,How many chapters are in the book of 1 Thessalonians?,59,5,13,3,B,5,1 Thessalonians (chapter count),Bible reference metadata,30,Bible books
emek_q643,5,Advanced,Church History,What event or institution is associated with 431?,431,Council of Ephesus,381,Second Great Awakening,B,Council of Ephesus,Council of Ephesus,Historical source,30,Church history
emek_q644,5,Advanced,Christian Literature,Who wrote The Confessions of St. Patrick?,Athanasius of Alexandria,Thomas Aquinas,Richard Foster,Patrick of Ireland,D,Patrick of Ireland,Confessio of Patrick,Christian history,30,Christian history
emek_q645,5,Advanced,Bible Studies,"In the standard 66-book Protestant Bible, what is the canonical position of 2 Samuel?",59,10,3,13,B,10,"Protestant biblical canon, book order",Canonical metadata,30,Bible books
emek_q646,5,Advanced,Church History,What event or institution is associated with 1846?,Second Great Awakening,381,431,Evangelical Alliance,D,Evangelical Alliance,Evangelical Alliance history,Historical source,30,Church history
emek_q647,5,Advanced,Christian Literature,Who is associated with the work “Life Together”?,Athanasius of Alexandria,Thomas Aquinas,Richard Foster,Dietrich Bonhoeffer,D,Dietrich Bonhoeffer,"Dietrich Bonhoeffer, Life Together",Book/source,30,Christian books
emek_q648,5,Advanced,Bible Studies,How many chapters are in the book of 1 John?,59,5,3,13,B,5,1 John (chapter count),Bible reference metadata,30,Bible books
emek_q649,5,Advanced,Church History,What event or institution is associated with 1521?,431,Second Great Awakening,Diet of Worms,381,C,Diet of Worms,Diet of Worms,Historical source,30,Church history
emek_q650,5,Advanced,Christian Literature,Who wrote Desiring God?,Thomas Aquinas,Richard Foster,John Piper,Athanasius of Alexandria,C,John Piper,"John Piper, Desiring God",Christian spirituality,30,Christian spirituality
emek_q651,6,Challenging,Bible Studies,"In the standard 66-book Protestant Bible, what is the canonical position of Numbers?",59,3,13,4,D,4,"Protestant biblical canon, book order",Canonical metadata,35,Bible books
emek_q652,6,Challenging,Church History,Who is traditionally regarded as the author of the letter known as the First Apology?,431,Justin Martyr,Second Great Awakening,381,B,Justin Martyr,"Justin Martyr, First Apology",Early Christianity,35,Early Christianity
emek_q653,6,Challenging,Christian Literature,Who is associated with the work “Church History”?,Athanasius of Alexandria,Richard Foster,Thomas Aquinas,Bede,D,Bede,"Bede, Ecclesiastical History of the English People",Book/source,35,Christian books
emek_q654,6,Challenging,Bible Studies,How many chapters are in the book of 1 Samuel?,3,59,31,13,C,31,1 Samuel (chapter count),Bible reference metadata,35,Bible books
emek_q655,6,Challenging,Church History,In what year or period is Diet of Worms commonly dated?,381,1521,Second Great Awakening,431,B,1521,Diet of Worms,Historical source,35,Church history
emek_q656,6,Challenging,Christian Literature,Who wrote The Everlasting Man?,Richard Foster,Athanasius of Alexandria,Thomas Aquinas,G. K. Chesterton,D,G. K. Chesterton,"G. K. Chesterton, The Everlasting Man",Christian apologetics,35,Christian apologetics
emek_q657,6,Challenging,Bible Studies,Is Zechariah part of the Old Testament or New Testament?,Old Testament,3,59,13,A,Old Testament,Zechariah; Protestant biblical canon,Canonical metadata,35,Bible books
emek_q658,6,Challenging,Church History,In what year or period is Young Men’s Christian Association commonly dated?,381,1844,Second Great Awakening,431,B,1844,YMCA history,Historical source,35,Church history
emek_q659,6,Challenging,Christian Literature,Who wrote A Grief Observed?,Richard Foster,Thomas Aquinas,Athanasius of Alexandria,C. S. Lewis,D,C. S. Lewis,"C. S. Lewis, A Grief Observed",Christian literature,35,Christian literature
emek_q660,6,Challenging,Bible Studies,Is 2 Chronicles part of the Old Testament or New Testament?,3,59,Old Testament,13,C,Old Testament,2 Chronicles; Protestant biblical canon,Canonical metadata,35,Bible books
emek_q661,6,Challenging,Church History,In what year or period is Church Missionary Society commonly dated?,381,Second Great Awakening,431,1799,D,1799,CMS history,Historical source,35,Church history
emek_q662,6,Challenging,Christian Literature,Who wrote Orthodoxy?,Thomas Aquinas,Richard Foster,Athanasius of Alexandria,G. K. Chesterton,D,G. K. Chesterton,"G. K. Chesterton, Orthodoxy",Christian apologetics,35,Christian apologetics
emek_q663,6,Challenging,Bible Studies,"In the standard 66-book Protestant Bible, what is the canonical position of Ezekiel?",26,3,59,13,A,26,"Protestant biblical canon, book order",Canonical metadata,35,Bible books
emek_q664,6,Challenging,Church History,What event or institution is associated with 1886?,Student Volunteer Movement,Second Great Awakening,381,431,A,Student Volunteer Movement,Missionary movement history,Historical source,35,Church history
emek_q665,6,Challenging,Christian Literature,Who is associated with the work “Institutes of the Christian Religion”?,John Calvin,Richard Foster,Thomas Aquinas,Athanasius of Alexandria,A,John Calvin,"John Calvin, Institutes",Book/source,35,Christian books
emek_q666,6,Challenging,Bible Studies,Is Malachi part of the Old Testament or New Testament?,13,Old Testament,3,59,B,Old Testament,Malachi; Protestant biblical canon,Canonical metadata,35,Bible books
emek_q667,6,Challenging,Church History,What event or institution is associated with 1701?,381,431,Second Great Awakening,Society for the Propagation of the Gospel,D,Society for the Propagation of the Gospel,SPG history,Historical source,35,Church history
emek_q668,6,Challenging,Christian Literature,Who is associated with the work “The Lausanne Covenant”?,Lausanne Committee,Thomas Aquinas,Richard Foster,Athanasius of Alexandria,A,Lausanne Committee,Lausanne Covenant (1974),Book/source,35,Christian books
emek_q669,6,Challenging,Bible Studies,Which broad literary section is Micah commonly placed in?,Minor Prophets,59,13,3,A,Minor Prophets,Introduction to Micah; Protestant Bible classification,Bible reference metadata,35,Bible books
emek_q670,6,Challenging,Church History,What event or institution is associated with 1830s?,Oxford Movement,Second Great Awakening,431,381,A,Oxford Movement,Anglican history,Historical source,35,Church history
emek_q671,6,Challenging,Christian Literature,Who is associated with the work “Basic Christianity”?,Richard Foster,Thomas Aquinas,John Stott,Athanasius of Alexandria,C,John Stott,"John Stott, Basic Christianity",Book/source,35,Christian books
emek_q672,6,Challenging,Bible Studies,Is Haggai part of the Old Testament or New Testament?,3,59,Old Testament,13,C,Old Testament,Haggai; Protestant biblical canon,Canonical metadata,35,Bible books
emek_q673,6,Challenging,Church History,What event or institution is associated with 1799?,Second Great Awakening,431,381,Church Missionary Society,D,Church Missionary Society,CMS history,Historical source,35,Church history
emek_q674,6,Challenging,Christian Literature,Who is associated with the work “Foxe’s Book of Martyrs”?,Richard Foster,John Foxe,Thomas Aquinas,Athanasius of Alexandria,B,John Foxe,"John Foxe, Acts and Monuments",Book/source,35,Christian books
emek_q675,6,Challenging,Bible Studies,Is Mark part of the Old Testament or New Testament?,59,3,13,New Testament,D,New Testament,Mark; Protestant biblical canon,Canonical metadata,35,Bible books
emek_q676,6,Challenging,Church History,What event or institution is associated with 1906?,Azusa Street revival,381,Second Great Awakening,431,A,Azusa Street revival,Azusa Street historical records,Historical source,35,Church history
emek_q677,6,Challenging,Christian Literature,Who is associated with the work “The Book of Concord”?,Athanasius of Alexandria,Richard Foster,Lutheran confessional churches,Thomas Aquinas,C,Lutheran confessional churches,Book of Concord,Book/source,35,Christian books
emek_q678,6,Challenging,Bible Studies,Which broad literary section is Malachi commonly placed in?,Minor Prophets,13,3,59,A,Minor Prophets,Introduction to Malachi; Protestant Bible classification,Bible reference metadata,35,Bible books
emek_q679,6,Challenging,Church History,In what year or period is Society for Promoting Christian Knowledge commonly dated?,Second Great Awakening,431,381,1698,D,1698,SPCK history,Historical source,35,Church history
emek_q680,6,Challenging,Christian Literature,What work by Anselm contains the ontological argument in a classic form?,Thomas Aquinas,Proslogion,Richard Foster,Athanasius of Alexandria,B,Proslogion,"Anselm, Proslogion",Medieval theology,35,Medieval theology
emek_q681,6,Challenging,Bible Studies,"In the standard 66-book Protestant Bible, what is the canonical position of Nehemiah?",59,3,13,16,D,16,"Protestant biblical canon, book order",Canonical metadata,35,Bible books
emek_q682,6,Challenging,Church History,In what year or period is China Inland Mission commonly dated?,381,431,Second Great Awakening,1865,D,1865,CIM history,Historical source,35,Church history
emek_q683,6,Challenging,Christian Literature,Who wrote The Bondage of the Will?,Richard Foster,Thomas Aquinas,Martin Luther,Athanasius of Alexandria,C,Martin Luther,"Martin Luther, The Bondage of the Will (1525)",Reformation,35,Reformation
emek_q684,6,Challenging,Bible Studies,Which broad literary section is Daniel commonly placed in?,13,59,Major Prophets,3,C,Major Prophets,Introduction to Daniel; Protestant Bible classification,Bible reference metadata,35,Bible books
emek_q685,6,Challenging,Church History,In what year or period is Edict of Milan commonly dated?,Second Great Awakening,431,313,381,C,313,Edict of Milan,Historical source,35,Church history
emek_q686,6,Challenging,Christian Literature,Who wrote Dark Night of the Soul?,Richard Foster,Athanasius of Alexandria,John of the Cross,Thomas Aquinas,C,John of the Cross,"John of the Cross, Dark Night of the Soul",Christian spirituality,35,Christian spirituality
emek_q687,6,Challenging,Bible Studies,How many chapters are in the book of John?,13,59,21,3,C,21,John (chapter count),Bible reference metadata,35,Bible books
emek_q688,6,Challenging,Church History,What event or institution is associated with 1910?,381,431,Second Great Awakening,Edinburgh Missionary Conference,D,Edinburgh Missionary Conference,World Missionary Conference records,Historical source,35,Church history
emek_q689,6,Challenging,Christian Literature,Who wrote The Imitation of Christ?,Athanasius of Alexandria,Thomas Aquinas,Richard Foster,Thomas à Kempis,D,Thomas à Kempis,"Thomas à Kempis, The Imitation of Christ",Christian spirituality,35,Christian spirituality
emek_q690,6,Challenging,Bible Studies,Is Ezekiel part of the Old Testament or New Testament?,13,Old Testament,59,3,B,Old Testament,Ezekiel; Protestant biblical canon,Canonical metadata,35,Bible books
emek_q691,6,Challenging,Church History,In what year or period is Council of Trent commonly dated?,431,Second Great Awakening,1545–1563,381,C,1545–1563,Council of Trent,Historical source,35,Church history
emek_q692,6,Challenging,Christian Literature,Who wrote Summa Theologiae?,Athanasius of Alexandria,Basil of Caesarea,Thomas Aquinas,Richard Foster,C,Thomas Aquinas,"Thomas Aquinas, Summa Theologiae",Medieval theology,35,Medieval theology
emek_q693,6,Challenging,Bible Studies,Which broad literary section is 1 Peter commonly placed in?,3,13,General Epistle,59,C,General Epistle,Introduction to 1 Peter; Protestant Bible classification,Bible reference metadata,35,Bible books
emek_q694,6,Challenging,Church History,In what year or period is Council of Nicaea commonly dated?,Second Great Awakening,325,431,381,B,325,Council of Nicaea,Historical source,35,Church history
emek_q695,6,Challenging,Christian Literature,Who wrote The Problem of Pain?,Athanasius of Alexandria,Thomas Aquinas,C. S. Lewis,Richard Foster,C,C. S. Lewis,"C. S. Lewis, The Problem of Pain",Christian apologetics,35,Christian apologetics
emek_q696,6,Challenging,Bible Studies,How many chapters are in the book of Jeremiah?,59,52,13,3,B,52,Jeremiah (chapter count),Bible reference metadata,35,Bible books
emek_q697,6,Challenging,Church History,In what year or period is Young Women’s Christian Association commonly dated?,431,381,1855,Second Great Awakening,C,1855,YWCA history,Historical source,35,Church history
emek_q698,6,Challenging,Christian Literature,Which work by Boethius presents a dialogue about fortune and happiness?,Thomas Aquinas,Richard Foster,Athanasius of Alexandria,The Consolation of Philosophy,D,The Consolation of Philosophy,"Boethius, Consolation of Philosophy",Christian literature,35,Christian literature
emek_q699,6,Challenging,Bible Studies,How many chapters are in the book of Isaiah?,66,13,3,59,A,66,Isaiah (chapter count),Bible reference metadata,35,Bible books
emek_q700,6,Challenging,Church History,Who wrote the Letter to the Romans?,381,431,Paul the Apostle,Second Great Awakening,C,Paul the Apostle,Romans 1:1,Pauline Christianity,35,Pauline Christianity
emek_q701,7,Hard,Christian Literature,Who is associated with the work “Against Heresies”?,Athanasius of Alexandria,Richard Foster,Irenaeus,Thomas Aquinas,C,Irenaeus,"Irenaeus, Against Heresies",Book/source,40,Christian books
emek_q702,7,Hard,Bible Studies,How many chapters are in the book of Joel?,13,Historical,59,3,D,3,Joel (chapter count),Bible reference metadata,40,Bible books
emek_q703,7,Hard,Church History,Which medieval theologian is known for the phrase “faith seeking understanding”?,431,Anselm of Canterbury,Second Great Awakening,381,B,Anselm of Canterbury,"Anselm, Proslogion 1",Medieval theology,40,Medieval theology
emek_q704,7,Hard,Christian Literature,Who is associated with the work “The Practice of the Presence of God”?,Athanasius of Alexandria,Brother Lawrence,Richard Foster,Thomas Aquinas,B,Brother Lawrence,"Brother Lawrence, Practice of the Presence of God",Book/source,40,Christian books
emek_q705,7,Hard,Bible Studies,How many chapters are in the book of Colossians?,4,13,59,3,A,4,Colossians (chapter count),Bible reference metadata,40,Bible books
emek_q706,7,Hard,Church History,What event or institution is associated with 1865?,381,Second Great Awakening,Salvation Army,431,C,Salvation Army,William and Catherine Booth; Salvation Army history,Historical source,40,Church history
emek_q707,7,Hard,Christian Literature,Who wrote The Pilgrim’s Progress?,Richard Foster,Thomas Aquinas,Athanasius of Alexandria,John Bunyan,D,John Bunyan,"John Bunyan, The Pilgrim’s Progress",Christian literature,40,Christian literature
emek_q708,7,Hard,Bible Studies,Which broad literary section is Isaiah commonly placed in?,3,Major Prophets,13,59,B,Major Prophets,Introduction to Isaiah; Protestant Bible classification,Bible reference metadata,40,Bible books
emek_q709,7,Hard,Church History,What year did Martin Luther’s Ninety-Five Theses traditionally become associated with the beginning of the Reformation?,1517,431,Second Great Awakening,381,A,1517,"Martin Luther, Ninety-Five Theses (1517)",Reformation,40,Reformation
emek_q710,7,Hard,Bible Studies,How many chapters are in the book of James?,3,5,59,13,B,5,James (chapter count),Bible reference metadata,40,Bible books
emek_q711,7,Hard,Church History,What event or institution is associated with 1698?,381,Society for Promoting Christian Knowledge,Second Great Awakening,431,B,Society for Promoting Christian Knowledge,SPCK history,Historical source,40,Church history
emek_q712,7,Hard,Bible Studies,"In the standard 66-book Protestant Bible, what is the canonical position of Jeremiah?",3,24,59,13,B,24,"Protestant biblical canon, book order",Canonical metadata,40,Bible books
emek_q713,7,Hard,Church History,In what year or period is World Council of Churches commonly dated?,381,1948,431,Second Great Awakening,B,1948,WCC historical records,Historical source,40,Church history
emek_q714,7,Hard,Bible Studies,How many chapters are in the book of Luke?,59,3,24,13,C,24,Luke (chapter count),Bible reference metadata,40,Bible books
emek_q715,7,Hard,Church History,What event or institution is associated with late 18th–early 19th century?,431,Clapham Sect,Second Great Awakening,381,B,Clapham Sect,British evangelical history,Historical source,40,Church history
emek_q716,7,Hard,Bible Studies,Is Esther part of the Old Testament or New Testament?,3,Old Testament,59,13,B,Old Testament,Esther; Protestant biblical canon,Canonical metadata,40,Bible books
emek_q717,7,Hard,Church History,In what year or period is Sunday school movement commonly dated?,431,18th century,381,Second Great Awakening,B,18th century,Robert Raikes and Sunday school history,Historical source,40,Church history
emek_q718,7,Hard,Bible Studies,"In the standard 66-book Protestant Bible, what is the canonical position of 1 John?",59,62,3,13,B,62,"Protestant biblical canon, book order",Canonical metadata,40,Bible books
emek_q719,7,Hard,Church History,Who wrote Life of Antony?,Second Great Awakening,381,431,Athanasius,D,Athanasius,"Athanasius, Life of Antony",Monasticism,40,Monasticism
emek_q720,7,Hard,Bible Studies,Which broad literary section is 2 Peter commonly placed in?,General Epistle,13,3,59,A,General Epistle,Introduction to 2 Peter; Protestant Bible classification,Bible reference metadata,40,Bible books
emek_q721,7,Hard,Church History,What event or institution is associated with 1618–1619?,Synod of Dort,431,381,Second Great Awakening,A,Synod of Dort,Synod of Dort,Historical source,40,Church history
emek_q722,7,Hard,Bible Studies,Which broad literary section is Ruth commonly placed in?,Historical,13,3,59,A,Historical,Introduction to Ruth; Protestant Bible classification,Bible reference metadata,40,Bible books
emek_q723,7,Hard,Church History,What Roman emperor issued the Edict of Milan with Licinius in 313?,Second Great Awakening,Constantine I,431,381,B,Constantine I,"Lactantius, On the Deaths of the Persecutors 48",Early Christianity,40,Early Christianity
emek_q724,7,Hard,Bible Studies,How many chapters are in the book of Ruth?,59,3,4,13,C,4,Ruth (chapter count),Bible reference metadata,40,Bible books
emek_q725,7,Hard,Church History,In what year or period is Alpha course commonly dated?,Second Great Awakening,431,381,1970s,D,1970s,Holy Trinity Brompton / Alpha history,Historical source,40,Church history
emek_q726,7,Hard,Bible Studies,Is Zephaniah part of the Old Testament or New Testament?,13,59,Old Testament,3,C,Old Testament,Zephaniah; Protestant biblical canon,Canonical metadata,40,Bible books
emek_q727,7,Hard,Church History,What event or institution is associated with 1948?,Second Great Awakening,381,World Council of Churches,431,C,World Council of Churches,WCC historical records,Historical source,40,Church history
emek_q728,7,Hard,Bible Studies,How many chapters are in the book of 1 Peter?,13,59,5,3,C,5,1 Peter (chapter count),Bible reference metadata,40,Bible books
emek_q729,7,Hard,Church History,What is the Didache also called?,381,The Teaching of the Twelve Apostles,431,Second Great Awakening,B,The Teaching of the Twelve Apostles,Didache title/tradition,Early Christianity,40,Early Christianity
emek_q730,7,Hard,Bible Studies,"In the standard 66-book Protestant Bible, what is the canonical position of 1 Chronicles?",13,Historical,3,59,A,13,"Protestant biblical canon, book order",Canonical metadata,40,Bible books
emek_q731,7,Hard,Church History,Which rule became foundational for Western Benedictine monasticism?,Second Great Awakening,431,381,Rule of Saint Benedict,D,Rule of Saint Benedict,Rule of Saint Benedict,Monasticism,40,Monasticism
emek_q732,7,Hard,Bible Studies,"In the standard 66-book Protestant Bible, what is the canonical position of Esther?",3,59,13,17,D,17,"Protestant biblical canon, book order",Canonical metadata,40,Bible books
emek_q733,7,Hard,Church History,What event or institution is associated with 1815?,Basel Mission,Second Great Awakening,431,381,A,Basel Mission,Basel Mission history,Historical source,40,Church history
emek_q734,7,Hard,Bible Studies,"In the standard 66-book Protestant Bible, what is the canonical position of 1 Timothy?",3,13,54,59,C,54,"Protestant biblical canon, book order",Canonical metadata,40,Bible books
emek_q735,7,Hard,Church History,Which ancient Christian writer wrote letters while being taken to Rome for execution?,381,Second Great Awakening,431,Ignatius of Antioch,D,Ignatius of Antioch,"Ignatius, Letters",Early Christianity,40,Early Christianity
emek_q736,7,Hard,Bible Studies,Is Colossians part of the Old Testament or New Testament?,3,13,59,New Testament,D,New Testament,Colossians; Protestant biblical canon,Canonical metadata,40,Bible books
emek_q737,7,Hard,Church History,What event or institution is associated with 1970s?,Alpha course,431,Second Great Awakening,381,A,Alpha course,Holy Trinity Brompton / Alpha history,Historical source,40,Church history
emek_q738,7,Hard,Bible Studies,Is Titus part of the Old Testament or New Testament?,59,3,13,New Testament,D,New Testament,Titus; Protestant biblical canon,Canonical metadata,40,Bible books
emek_q739,7,Hard,Church History,In what year or period is Oxford Movement commonly dated?,431,1830s,381,Second Great Awakening,B,1830s,Anglican history,Historical source,40,Church history
emek_q740,7,Hard,Bible Studies,"In the standard 66-book Protestant Bible, what is the canonical position of Galatians?",59,13,48,3,C,48,"Protestant biblical canon, book order",Canonical metadata,40,Bible books
emek_q741,7,Hard,Church History,What event or institution is associated with 1555?,431,Peace of Augsburg,Second Great Awakening,381,B,Peace of Augsburg,Peace of Augsburg,Historical source,40,Church history
emek_q742,7,Hard,Bible Studies,Which broad literary section is Esther commonly placed in?,59,3,Historical,13,C,Historical,Introduction to Esther; Protestant Bible classification,Bible reference metadata,40,Bible books
emek_q743,7,Hard,Church History,What event or institution is associated with 451?,Second Great Awakening,381,Council of Chalcedon,431,C,Council of Chalcedon,Council of Chalcedon,Historical source,40,Church history
emek_q744,7,Hard,Bible Studies,How many chapters are in the book of Zechariah?,14,13,3,59,A,14,Zechariah (chapter count),Bible reference metadata,40,Bible books
emek_q745,7,Hard,Church History,What event or institution is associated with 1855?,Young Women’s Christian Association,381,Second Great Awakening,431,A,Young Women’s Christian Association,YWCA history,Historical source,40,Church history
emek_q746,7,Hard,Bible Studies,Is 2 Corinthians part of the Old Testament or New Testament?,3,13,59,New Testament,D,New Testament,2 Corinthians; Protestant biblical canon,Canonical metadata,40,Bible books
emek_q747,7,Hard,Church History,In what year or period is Edinburgh Missionary Conference commonly dated?,1910,431,Second Great Awakening,381,A,1910,World Missionary Conference records,Historical source,40,Church history
emek_q748,7,Hard,Bible Studies,Is Lamentations part of the Old Testament or New Testament?,3,Old Testament,59,13,B,Old Testament,Lamentations; Protestant biblical canon,Canonical metadata,40,Bible books
emek_q749,7,Hard,Church History,In what year or period is Clapham Sect commonly dated?,381,Second Great Awakening,431,late 18th–early 19th century,D,late 18th–early 19th century,British evangelical history,Historical source,40,Church history
emek_q750,7,Hard,Bible Studies,"In the standard 66-book Protestant Bible, what is the canonical position of Jude?",13,59,65,3,C,65,"Protestant biblical canon, book order",Canonical metadata,40,Bible books
emek_q751,8,Expert,Church History,Who was the recipient of the letter to Philemon?,Second Great Awakening,431,Philemon,381,C,Philemon,Philemon 1,Pauline Christianity,45,Pauline Christianity
emek_q752,8,Expert,Bible Studies,How many chapters are in the book of Acts?,13,28,59,3,B,28,Acts (chapter count),Bible reference metadata,45,Bible books
emek_q753,8,Expert,Bible Studies,Is Amos part of the Old Testament or New Testament?,Old Testament,13,59,3,A,Old Testament,Amos; Protestant biblical canon,Canonical metadata,45,Bible books
emek_q754,8,Expert,Bible Studies,How many chapters are in the book of Exodus?,3,40,13,59,B,40,Exodus (chapter count),Bible reference metadata,45,Bible books
emek_q755,8,Expert,Bible Studies,How many chapters are in the book of Titus?,13,59,3,Historical,C,3,Titus (chapter count),Bible reference metadata,45,Bible books
emek_q756,8,Expert,Bible Studies,Which broad literary section is 2 Corinthians commonly placed in?,13,Pauline Epistle,3,59,B,Pauline Epistle,Introduction to 2 Corinthians; Protestant Bible classification,Bible reference metadata,45,Bible books
emek_q757,8,Expert,Bible Studies,Which broad literary section is Nahum commonly placed in?,Minor Prophets,59,13,3,A,Minor Prophets,Introduction to Nahum; Protestant Bible classification,Bible reference metadata,45,Bible books
emek_q758,8,Expert,Bible Studies,Which broad literary section is Colossians commonly placed in?,13,3,59,Pauline Epistle,D,Pauline Epistle,Introduction to Colossians; Protestant Bible classification,Bible reference metadata,45,Bible books
emek_q759,8,Expert,Bible Studies,Is Micah part of the Old Testament or New Testament?,59,13,3,Old Testament,D,Old Testament,Micah; Protestant biblical canon,Canonical metadata,45,Bible books
emek_q760,8,Expert,Bible Studies,Which broad literary section is Titus commonly placed in?,Pastoral Epistle,13,59,3,A,Pastoral Epistle,Introduction to Titus; Protestant Bible classification,Bible reference metadata,45,Bible books
emek_q761,8,Expert,Bible Studies,"In the standard 66-book Protestant Bible, what is the canonical position of 2 Kings?",59,3,12,13,C,12,"Protestant biblical canon, book order",Canonical metadata,45,Bible books
emek_q762,8,Expert,Bible Studies,Which broad literary section is Galatians commonly placed in?,13,59,3,Pauline Epistle,D,Pauline Epistle,Introduction to Galatians; Protestant Bible classification,Bible reference metadata,45,Bible books
emek_q763,8,Expert,Bible Studies,How many chapters are in the book of Deuteronomy?,13,3,59,34,D,34,Deuteronomy (chapter count),Bible reference metadata,45,Bible books
emek_q764,8,Expert,Bible Studies,Is John part of the Old Testament or New Testament?,3,13,59,New Testament,D,New Testament,John; Protestant biblical canon,Canonical metadata,45,Bible books
emek_q765,8,Expert,Bible Studies,How many chapters are in the book of Numbers?,13,59,36,3,C,36,Numbers (chapter count),Bible reference metadata,45,Bible books
emek_q766,8,Expert,Bible Studies,How many chapters are in the book of Jude?,3,59,1,13,C,1,Jude (chapter count),Bible reference metadata,45,Bible books
emek_q767,8,Expert,Bible Studies,Is Matthew part of the Old Testament or New Testament?,3,13,59,New Testament,D,New Testament,Matthew; Protestant biblical canon,Canonical metadata,45,Bible books
emek_q768,8,Expert,Bible Studies,Which broad literary section is Matthew commonly placed in?,Gospel,3,13,59,A,Gospel,Introduction to Matthew; Protestant Bible classification,Bible reference metadata,45,Bible books
emek_q769,8,Expert,Bible Studies,How many chapters are in the book of 1 Timothy?,3,13,6,59,C,6,1 Timothy (chapter count),Bible reference metadata,45,Bible books
emek_q770,8,Expert,Bible Studies,Is Revelation part of the Old Testament or New Testament?,New Testament,3,13,59,A,New Testament,Revelation; Protestant biblical canon,Canonical metadata,45,Bible books
emek_q771,8,Expert,Bible Studies,How many chapters are in the book of Ezekiel?,13,3,48,59,C,48,Ezekiel (chapter count),Bible reference metadata,45,Bible books
emek_q772,8,Expert,Bible Studies,"In the standard 66-book Protestant Bible, what is the canonical position of Genesis?",13,59,1,3,C,1,"Protestant biblical canon, book order",Canonical metadata,45,Bible books
emek_q773,8,Expert,Bible Studies,How many chapters are in the book of 1 Chronicles?,59,3,13,29,D,29,1 Chronicles (chapter count),Bible reference metadata,45,Bible books
emek_q774,8,Expert,Bible Studies,Is Philippians part of the Old Testament or New Testament?,3,13,New Testament,59,C,New Testament,Philippians; Protestant biblical canon,Canonical metadata,45,Bible books
emek_q775,8,Expert,Bible Studies,Which broad literary section is 2 Thessalonians commonly placed in?,3,59,Pauline Epistle,13,C,Pauline Epistle,Introduction to 2 Thessalonians; Protestant Bible classification,Bible reference metadata,45,Bible books
emek_q776,8,Expert,Bible Studies,Which broad literary section is Jonah commonly placed in?,59,Minor Prophets,13,3,B,Minor Prophets,Introduction to Jonah; Protestant Bible classification,Bible reference metadata,45,Bible books
emek_q777,8,Expert,Bible Studies,"In the standard 66-book Protestant Bible, what is the canonical position of 2 Corinthians?",3,59,13,47,D,47,"Protestant biblical canon, book order",Canonical metadata,45,Bible books
emek_q778,8,Expert,Bible Studies,Is Exodus part of the Old Testament or New Testament?,Old Testament,3,13,59,A,Old Testament,Exodus; Protestant biblical canon,Canonical metadata,45,Bible books
emek_q779,8,Expert,Bible Studies,"In the standard 66-book Protestant Bible, what is the canonical position of Malachi?",13,39,59,3,B,39,"Protestant biblical canon, book order",Canonical metadata,45,Bible books
emek_q780,8,Expert,Bible Studies,"In the standard 66-book Protestant Bible, what is the canonical position of Exodus?",3,59,13,2,D,2,"Protestant biblical canon, book order",Canonical metadata,45,Bible books
emek_q781,8,Expert,Bible Studies,"In the standard 66-book Protestant Bible, what is the canonical position of Luke?",3,59,42,13,C,42,"Protestant biblical canon, book order",Canonical metadata,45,Bible books
emek_q782,8,Expert,Bible Studies,Is Hebrews part of the Old Testament or New Testament?,13,3,New Testament,59,C,New Testament,Hebrews; Protestant biblical canon,Canonical metadata,45,Bible books
emek_q783,8,Expert,Bible Studies,"In the standard 66-book Protestant Bible, what is the canonical position of Hebrews?",59,13,58,3,C,58,"Protestant biblical canon, book order",Canonical metadata,45,Bible books
emek_q784,8,Expert,Bible Studies,Which broad literary section is Song of Solomon commonly placed in?,Poetry,59,3,13,A,Poetry,Introduction to Song of Solomon; Protestant Bible classification,Bible reference metadata,45,Bible books
emek_q785,8,Expert,Bible Studies,How many chapters are in the book of Philemon?,1,59,13,3,A,1,Philemon (chapter count),Bible reference metadata,45,Bible books
emek_q786,8,Expert,Bible Studies,How many chapters are in the book of Revelation?,59,3,22,13,C,22,Revelation (chapter count),Bible reference metadata,45,Bible books
emek_q787,8,Expert,Bible Studies,Is 2 Thessalonians part of the Old Testament or New Testament?,59,New Testament,13,3,B,New Testament,2 Thessalonians; Protestant biblical canon,Canonical metadata,45,Bible books
emek_q788,8,Expert,Bible Studies,"In the standard 66-book Protestant Bible, what is the canonical position of Colossians?",59,3,13,51,D,51,"Protestant biblical canon, book order",Canonical metadata,45,Bible books
emek_q789,8,Expert,Bible Studies,"In the standard 66-book Protestant Bible, what is the canonical position of Acts?",13,3,44,59,C,44,"Protestant biblical canon, book order",Canonical metadata,45,Bible books
emek_q790,8,Expert,Bible Studies,Which broad literary section is Genesis commonly placed in?,59,13,3,Pentateuch,D,Pentateuch,Introduction to Genesis; Protestant Bible classification,Bible reference metadata,45,Bible books
emek_q791,8,Expert,Bible Studies,Which broad literary section is Luke commonly placed in?,13,Gospel,59,3,B,Gospel,Introduction to Luke; Protestant Bible classification,Bible reference metadata,45,Bible books
emek_q792,8,Expert,Bible Studies,Which broad literary section is 1 Timothy commonly placed in?,59,13,3,Pastoral Epistle,D,Pastoral Epistle,Introduction to 1 Timothy; Protestant Bible classification,Bible reference metadata,45,Bible books
emek_q793,8,Expert,Bible Studies,Is Hosea part of the Old Testament or New Testament?,3,Old Testament,13,59,B,Old Testament,Hosea; Protestant biblical canon,Canonical metadata,45,Bible books
emek_q794,8,Expert,Bible Studies,Is 3 John part of the Old Testament or New Testament?,New Testament,59,13,3,A,New Testament,3 John; Protestant biblical canon,Canonical metadata,45,Bible books
emek_q795,8,Expert,Bible Studies,"In the standard 66-book Protestant Bible, what is the canonical position of Psalms?",13,19,59,3,B,19,"Protestant biblical canon, book order",Canonical metadata,45,Bible books
emek_q796,8,Expert,Bible Studies,Is Nahum part of the Old Testament or New Testament?,59,Old Testament,3,13,B,Old Testament,Nahum; Protestant biblical canon,Canonical metadata,45,Bible books
emek_q797,8,Expert,Bible Studies,Which broad literary section is 1 Corinthians commonly placed in?,3,13,59,Pauline Epistle,D,Pauline Epistle,Introduction to 1 Corinthians; Protestant Bible classification,Bible reference metadata,45,Bible books
emek_q798,8,Expert,Bible Studies,Is Job part of the Old Testament or New Testament?,3,Old Testament,59,13,B,Old Testament,Job; Protestant biblical canon,Canonical metadata,45,Bible books
emek_q799,8,Expert,Bible Studies,Which broad literary section is 3 John commonly placed in?,3,General Epistle,13,59,B,General Epistle,Introduction to 3 John; Protestant Bible classification,Bible reference metadata,45,Bible books
emek_q800,8,Expert,Bible Studies,Is Obadiah part of the Old Testament or New Testament?,13,3,59,Old Testament,D,Old Testament,Obadiah; Protestant biblical canon,Canonical metadata,45,Bible books
emek_q801,9,Master,Bible Studies,Which broad literary section is Haggai commonly placed in?,59,3,Minor Prophets,13,C,Minor Prophets,Introduction to Haggai; Protestant Bible classification,Bible reference metadata,50,Bible books
emek_q802,9,Master,Bible Studies,Is Ezra part of the Old Testament or New Testament?,3,13,Old Testament,59,C,Old Testament,Ezra; Protestant biblical canon,Canonical metadata,50,Bible books
emek_q803,9,Master,Bible Studies,Which broad literary section is 1 Chronicles commonly placed in?,3,Historical,59,13,B,Historical,Introduction to 1 Chronicles; Protestant Bible classification,Bible reference metadata,50,Bible books
emek_q804,9,Master,Bible Studies,Is 2 John part of the Old Testament or New Testament?,59,New Testament,3,13,B,New Testament,2 John; Protestant biblical canon,Canonical metadata,50,Bible books
emek_q805,9,Master,Bible Studies,"In the standard 66-book Protestant Bible, what is the canonical position of 1 Peter?",13,3,59,60,D,60,"Protestant biblical canon, book order",Canonical metadata,50,Bible books
emek_q806,9,Master,Bible Studies,How many chapters are in the book of Amos?,13,3,59,9,D,9,Amos (chapter count),Bible reference metadata,50,Bible books
emek_q807,9,Master,Bible Studies,Is Galatians part of the Old Testament or New Testament?,3,13,59,New Testament,D,New Testament,Galatians; Protestant biblical canon,Canonical metadata,50,Bible books
emek_q808,9,Master,Bible Studies,Is 2 Timothy part of the Old Testament or New Testament?,59,3,New Testament,13,C,New Testament,2 Timothy; Protestant biblical canon,Canonical metadata,50,Bible books
emek_q809,9,Master,Bible Studies,How many chapters are in the book of Obadiah?,13,3,1,59,C,1,Obadiah (chapter count),Bible reference metadata,50,Bible books
emek_q810,9,Master,Bible Studies,"In the standard 66-book Protestant Bible, what is the canonical position of Philemon?",3,57,59,13,B,57,"Protestant biblical canon, book order",Canonical metadata,50,Bible books
emek_q811,9,Master,Bible Studies,Is Ecclesiastes part of the Old Testament or New Testament?,13,59,3,Old Testament,D,Old Testament,Ecclesiastes; Protestant biblical canon,Canonical metadata,50,Bible books
emek_q812,9,Master,Bible Studies,Is Luke part of the Old Testament or New Testament?,59,New Testament,13,3,B,New Testament,Luke; Protestant biblical canon,Canonical metadata,50,Bible books
emek_q813,9,Master,Bible Studies,"In the standard 66-book Protestant Bible, what is the canonical position of Ecclesiastes?",21,59,13,3,A,21,"Protestant biblical canon, book order",Canonical metadata,50,Bible books
emek_q814,9,Master,Bible Studies,Which broad literary section is Lamentations commonly placed in?,13,Major Prophets,3,59,B,Major Prophets,Introduction to Lamentations; Protestant Bible classification,Bible reference metadata,50,Bible books
emek_q815,9,Master,Bible Studies,Which broad literary section is 2 Timothy commonly placed in?,59,13,3,Pastoral Epistle,D,Pastoral Epistle,Introduction to 2 Timothy; Protestant Bible classification,Bible reference metadata,50,Bible books
emek_q816,9,Master,Bible Studies,Which broad literary section is Zephaniah commonly placed in?,Minor Prophets,59,13,3,A,Minor Prophets,Introduction to Zephaniah; Protestant Bible classification,Bible reference metadata,50,Bible books
emek_q817,9,Master,Bible Studies,"In the standard 66-book Protestant Bible, what is the canonical position of Philippians?",50,13,3,59,A,50,"Protestant biblical canon, book order",Canonical metadata,50,Bible books
emek_q818,9,Master,Bible Studies,"In the standard 66-book Protestant Bible, what is the canonical position of Ruth?",59,8,3,13,B,8,"Protestant biblical canon, book order",Canonical metadata,50,Bible books
emek_q819,9,Master,Bible Studies,Is Genesis part of the Old Testament or New Testament?,3,13,59,Old Testament,D,Old Testament,Genesis; Protestant biblical canon,Canonical metadata,50,Bible books
emek_q820,9,Master,Bible Studies,Which broad literary section is Jeremiah commonly placed in?,13,59,3,Major Prophets,D,Major Prophets,Introduction to Jeremiah; Protestant Bible classification,Bible reference metadata,50,Bible books
emek_q821,9,Master,Bible Studies,How many chapters are in the book of Job?,42,3,13,59,A,42,Job (chapter count),Bible reference metadata,50,Bible books
emek_q822,9,Master,Bible Studies,"In the standard 66-book Protestant Bible, what is the canonical position of Revelation?",66,59,3,13,A,66,"Protestant biblical canon, book order",Canonical metadata,50,Bible books
emek_q823,9,Master,Bible Studies,Is Daniel part of the Old Testament or New Testament?,13,59,Old Testament,3,C,Old Testament,Daniel; Protestant biblical canon,Canonical metadata,50,Bible books
emek_q824,9,Master,Bible Studies,"In the standard 66-book Protestant Bible, what is the canonical position of Deuteronomy?",5,3,13,59,A,5,"Protestant biblical canon, book order",Canonical metadata,50,Bible books
emek_q825,9,Master,Bible Studies,"In the standard 66-book Protestant Bible, what is the canonical position of Proverbs?",3,59,13,20,D,20,"Protestant biblical canon, book order",Canonical metadata,50,Bible books
emek_q826,9,Master,Bible Studies,"In the standard 66-book Protestant Bible, what is the canonical position of 2 Peter?",61,3,13,59,A,61,"Protestant biblical canon, book order",Canonical metadata,50,Bible books
emek_q827,9,Master,Bible Studies,How many chapters are in the book of Joshua?,59,3,24,13,C,24,Joshua (chapter count),Bible reference metadata,50,Bible books
emek_q828,9,Master,Bible Studies,How many chapters are in the book of Ecclesiastes?,59,12,3,13,B,12,Ecclesiastes (chapter count),Bible reference metadata,50,Bible books
emek_q829,9,Master,Bible Studies,Which broad literary section is Hosea commonly placed in?,Minor Prophets,3,59,13,A,Minor Prophets,Introduction to Hosea; Protestant Bible classification,Bible reference metadata,50,Bible books
emek_q830,9,Master,Bible Studies,Is Joshua part of the Old Testament or New Testament?,3,59,Old Testament,13,C,Old Testament,Joshua; Protestant biblical canon,Canonical metadata,50,Bible books
emek_q831,9,Master,Bible Studies,How many chapters are in the book of Romans?,16,59,3,13,A,16,Romans (chapter count),Bible reference metadata,50,Bible books
emek_q832,9,Master,Bible Studies,Which broad literary section is Zechariah commonly placed in?,59,3,13,Minor Prophets,D,Minor Prophets,Introduction to Zechariah; Protestant Bible classification,Bible reference metadata,50,Bible books
emek_q833,9,Master,Bible Studies,How many chapters are in the book of Lamentations?,5,3,13,59,A,5,Lamentations (chapter count),Bible reference metadata,50,Bible books
emek_q834,9,Master,Bible Studies,Is 1 Corinthians part of the Old Testament or New Testament?,New Testament,59,13,3,A,New Testament,1 Corinthians; Protestant biblical canon,Canonical metadata,50,Bible books
emek_q835,9,Master,Bible Studies,How many chapters are in the book of Leviticus?,3,13,59,27,D,27,Leviticus (chapter count),Bible reference metadata,50,Bible books
emek_q836,9,Master,Bible Studies,Is Judges part of the Old Testament or New Testament?,Old Testament,13,59,3,A,Old Testament,Judges; Protestant biblical canon,Canonical metadata,50,Bible books
emek_q837,9,Master,Bible Studies,"In the standard 66-book Protestant Bible, what is the canonical position of 2 Chronicles?",3,14,13,59,B,14,"Protestant biblical canon, book order",Canonical metadata,50,Bible books
emek_q838,9,Master,Bible Studies,Which broad literary section is Amos commonly placed in?,59,3,Minor Prophets,13,C,Minor Prophets,Introduction to Amos; Protestant Bible classification,Bible reference metadata,50,Bible books
emek_q839,9,Master,Bible Studies,Is Psalms part of the Old Testament or New Testament?,3,Old Testament,13,59,B,Old Testament,Psalms; Protestant biblical canon,Canonical metadata,50,Bible books
emek_q840,9,Master,Bible Studies,How many chapters are in the book of Matthew?,3,28,13,59,B,28,Matthew (chapter count),Bible reference metadata,50,Bible books
emek_q841,9,Master,Bible Studies,Is Leviticus part of the Old Testament or New Testament?,3,13,59,Old Testament,D,Old Testament,Leviticus; Protestant biblical canon,Canonical metadata,50,Bible books
emek_q842,9,Master,Bible Studies,"In the standard 66-book Protestant Bible, what is the canonical position of Matthew?",59,3,13,40,D,40,"Protestant biblical canon, book order",Canonical metadata,50,Bible books
emek_q843,9,Master,Bible Studies,How many chapters are in the book of 2 Chronicles?,3,36,59,13,B,36,2 Chronicles (chapter count),Bible reference metadata,50,Bible books
emek_q844,9,Master,Bible Studies,How many chapters are in the book of Esther?,10,59,13,3,A,10,Esther (chapter count),Bible reference metadata,50,Bible books
emek_q845,9,Master,Bible Studies,Is Proverbs part of the Old Testament or New Testament?,59,Old Testament,3,13,B,Old Testament,Proverbs; Protestant biblical canon,Canonical metadata,50,Bible books
emek_q846,9,Master,Bible Studies,Which broad literary section is Exodus commonly placed in?,59,3,Pentateuch,13,C,Pentateuch,Introduction to Exodus; Protestant Bible classification,Bible reference metadata,50,Bible books
emek_q847,9,Master,Bible Studies,"In the standard 66-book Protestant Bible, what is the canonical position of 2 John?",3,63,13,59,B,63,"Protestant biblical canon, book order",Canonical metadata,50,Bible books
emek_q848,9,Master,Bible Studies,Which broad literary section is Mark commonly placed in?,59,3,Gospel,13,C,Gospel,Introduction to Mark; Protestant Bible classification,Bible reference metadata,50,Bible books
emek_q849,9,Master,Bible Studies,Which broad literary section is 1 Thessalonians commonly placed in?,13,3,Pauline Epistle,59,C,Pauline Epistle,Introduction to 1 Thessalonians; Protestant Bible classification,Bible reference metadata,50,Bible books
emek_q850,9,Master,Bible Studies,How many chapters are in the book of Daniel?,59,3,12,13,C,12,Daniel (chapter count),Bible reference metadata,50,Bible books
emek_q851,10,Master,Bible Studies,Is 1 John part of the Old Testament or New Testament?,New Testament,13,3,59,A,New Testament,1 John; Protestant biblical canon,Canonical metadata,60,Bible books
emek_q852,10,Master,Bible Studies,"In the standard 66-book Protestant Bible, what is the canonical position of Daniel?",13,3,59,27,D,27,"Protestant biblical canon, book order",Canonical metadata,60,Bible books
emek_q853,10,Master,Bible Studies,"In the standard 66-book Protestant Bible, what is the canonical position of Amos?",30,3,13,59,A,30,"Protestant biblical canon, book order",Canonical metadata,60,Bible books
emek_q854,10,Master,Bible Studies,"In the standard 66-book Protestant Bible, what is the canonical position of Zephaniah?",3,59,36,13,C,36,"Protestant biblical canon, book order",Canonical metadata,60,Bible books
emek_q855,10,Master,Bible Studies,Which broad literary section is James commonly placed in?,General Epistle,59,3,13,A,General Epistle,Introduction to James; Protestant Bible classification,Bible reference metadata,60,Bible books
emek_q856,10,Master,Bible Studies,Is James part of the Old Testament or New Testament?,3,59,13,New Testament,D,New Testament,James; Protestant biblical canon,Canonical metadata,60,Bible books
emek_q857,10,Master,Bible Studies,How many chapters are in the book of Haggai?,2,59,13,3,A,2,Haggai (chapter count),Bible reference metadata,60,Bible books
emek_q858,10,Master,Bible Studies,Is 1 Peter part of the Old Testament or New Testament?,59,New Testament,13,3,B,New Testament,1 Peter; Protestant biblical canon,Canonical metadata,60,Bible books
emek_q859,10,Master,Bible Studies,Which broad literary section is Ecclesiastes commonly placed in?,59,3,Wisdom,13,C,Wisdom,Introduction to Ecclesiastes; Protestant Bible classification,Bible reference metadata,60,Bible books
emek_q860,10,Master,Bible Studies,Which broad literary section is Ezekiel commonly placed in?,13,59,3,Major Prophets,D,Major Prophets,Introduction to Ezekiel; Protestant Bible classification,Bible reference metadata,60,Bible books
emek_q861,10,Master,Bible Studies,Which broad literary section is Ephesians commonly placed in?,13,3,Pauline Epistle,59,C,Pauline Epistle,Introduction to Ephesians; Protestant Bible classification,Bible reference metadata,60,Bible books
emek_q862,10,Master,Bible Studies,"In the standard 66-book Protestant Bible, what is the canonical position of Ezra?",13,59,3,15,D,15,"Protestant biblical canon, book order",Canonical metadata,60,Bible books
emek_q863,10,Master,Bible Studies,Which broad literary section is Joel commonly placed in?,59,Minor Prophets,13,3,B,Minor Prophets,Introduction to Joel; Protestant Bible classification,Bible reference metadata,60,Bible books
emek_q864,10,Master,Bible Studies,Is Romans part of the Old Testament or New Testament?,59,3,New Testament,13,C,New Testament,Romans; Protestant biblical canon,Canonical metadata,60,Bible books
emek_q865,10,Master,Bible Studies,Which broad literary section is 1 John commonly placed in?,59,13,General Epistle,3,C,General Epistle,Introduction to 1 John; Protestant Bible classification,Bible reference metadata,60,Bible books
emek_q866,10,Master,Bible Studies,"In the standard 66-book Protestant Bible, what is the canonical position of Obadiah?",3,13,59,31,D,31,"Protestant biblical canon, book order",Canonical metadata,60,Bible books
emek_q867,10,Master,Bible Studies,"In the standard 66-book Protestant Bible, what is the canonical position of Judges?",13,3,7,59,C,7,"Protestant biblical canon, book order",Canonical metadata,60,Bible books
emek_q868,10,Master,Bible Studies,How many chapters are in the book of Ezra?,59,10,3,13,B,10,Ezra (chapter count),Bible reference metadata,60,Bible books
emek_q869,10,Master,Bible Studies,Which broad literary section is Ezra commonly placed in?,13,59,Historical,3,C,Historical,Introduction to Ezra; Protestant Bible classification,Bible reference metadata,60,Bible books
emek_q870,10,Master,Bible Studies,Is Deuteronomy part of the Old Testament or New Testament?,59,Old Testament,13,3,B,Old Testament,Deuteronomy; Protestant biblical canon,Canonical metadata,60,Bible books
emek_q871,10,Master,Bible Studies,How many chapters are in the book of 2 Corinthians?,59,Historical,13,3,C,13,2 Corinthians (chapter count),Bible reference metadata,60,Bible books
emek_q872,10,Master,Bible Studies,Which broad literary section is Proverbs commonly placed in?,59,13,3,Wisdom,D,Wisdom,Introduction to Proverbs; Protestant Bible classification,Bible reference metadata,60,Bible books
emek_q873,10,Master,Bible Studies,"In the standard 66-book Protestant Bible, what is the canonical position of Haggai?",37,13,59,3,A,37,"Protestant biblical canon, book order",Canonical metadata,60,Bible books
emek_q874,10,Master,Bible Studies,"In the standard 66-book Protestant Bible, what is the canonical position of Lamentations?",25,59,13,3,A,25,"Protestant biblical canon, book order",Canonical metadata,60,Bible books
emek_q875,10,Master,Bible Studies,How many chapters are in the book of Jonah?,59,13,4,3,C,4,Jonah (chapter count),Bible reference metadata,60,Bible books
emek_q876,10,Master,Bible Studies,"In the standard 66-book Protestant Bible, what is the canonical position of Mark?",59,13,41,3,C,41,"Protestant biblical canon, book order",Canonical metadata,60,Bible books
emek_q877,10,Master,Bible Studies,How many chapters are in the book of Ephesians?,3,6,59,13,B,6,Ephesians (chapter count),Bible reference metadata,60,Bible books
emek_q878,10,Master,Bible Studies,Which broad literary section is Philemon commonly placed in?,59,3,Pauline Epistle,13,C,Pauline Epistle,Introduction to Philemon; Protestant Bible classification,Bible reference metadata,60,Bible books
emek_q879,10,Master,Bible Studies,"In the standard 66-book Protestant Bible, what is the canonical position of Hosea?",3,28,59,13,B,28,"Protestant biblical canon, book order",Canonical metadata,60,Bible books
emek_q880,10,Master,Bible Studies,How many chapters are in the book of Genesis?,13,59,3,50,D,50,Genesis (chapter count),Bible reference metadata,60,Bible books
emek_q881,10,Master,Bible Studies,Is Philemon part of the Old Testament or New Testament?,59,3,New Testament,13,C,New Testament,Philemon; Protestant biblical canon,Canonical metadata,60,Bible books
emek_q882,10,Master,Bible Studies,Is Acts part of the Old Testament or New Testament?,59,13,3,New Testament,D,New Testament,Acts; Protestant biblical canon,Canonical metadata,60,Bible books
emek_q883,10,Master,Bible Studies,Is Jonah part of the Old Testament or New Testament?,59,13,3,Old Testament,D,Old Testament,Jonah; Protestant biblical canon,Canonical metadata,60,Bible books
emek_q884,10,Master,Bible Studies,Which broad literary section is Job commonly placed in?,Wisdom,13,3,59,A,Wisdom,Introduction to Job; Protestant Bible classification,Bible reference metadata,60,Bible books
emek_q885,10,Master,Bible Studies,"In the standard 66-book Protestant Bible, what is the canonical position of 1 Thessalonians?",3,59,13,52,D,52,"Protestant biblical canon, book order",Canonical metadata,60,Bible books
emek_q886,10,Master,Bible Studies,Which broad literary section is 2 Kings commonly placed in?,3,59,13,Historical,D,Historical,Introduction to 2 Kings; Protestant Bible classification,Bible reference metadata,60,Bible books
emek_q887,10,Master,Bible Studies,Which broad literary section is Romans commonly placed in?,3,59,Pauline Epistle,13,C,Pauline Epistle,Introduction to Romans; Protestant Bible classification,Bible reference metadata,60,Bible books
emek_q888,10,Master,Bible Studies,How many chapters are in the book of 1 Corinthians?,59,3,16,13,C,16,1 Corinthians (chapter count),Bible reference metadata,60,Bible books
emek_q889,10,Master,Bible Studies,"In the standard 66-book Protestant Bible, what is the canonical position of John?",3,13,59,43,D,43,"Protestant biblical canon, book order",Canonical metadata,60,Bible books
emek_q890,10,Master,Bible Studies,How many chapters are in the book of Mark?,13,59,3,16,D,16,Mark (chapter count),Bible reference metadata,60,Bible books
emek_q891,10,Master,Bible Studies,How many chapters are in the book of Psalms?,13,3,59,150,D,150,Psalms (chapter count),Bible reference metadata,60,Bible books
emek_q892,10,Master,Bible Studies,Is Ephesians part of the Old Testament or New Testament?,13,New Testament,59,3,B,New Testament,Ephesians; Protestant biblical canon,Canonical metadata,60,Bible books
emek_q893,10,Master,Bible Studies,Is Numbers part of the Old Testament or New Testament?,3,13,Old Testament,59,C,Old Testament,Numbers; Protestant biblical canon,Canonical metadata,60,Bible books
emek_q894,10,Master,Bible Studies,Which broad literary section is Obadiah commonly placed in?,Minor Prophets,13,3,59,A,Minor Prophets,Introduction to Obadiah; Protestant Bible classification,Bible reference metadata,60,Bible books
emek_q895,10,Master,Bible Studies,"In the standard 66-book Protestant Bible, what is the canonical position of 1 Samuel?",59,3,13,9,D,9,"Protestant biblical canon, book order",Canonical metadata,60,Bible books
emek_q896,10,Master,Bible Studies,How many chapters are in the book of Philippians?,3,59,13,4,D,4,Philippians (chapter count),Bible reference metadata,60,Bible books
emek_q897,10,Master,Bible Studies,"In the standard 66-book Protestant Bible, what is the canonical position of Joshua?",3,59,6,13,C,6,"Protestant biblical canon, book order",Canonical metadata,60,Bible books
emek_q898,10,Master,Bible Studies,Is Isaiah part of the Old Testament or New Testament?,Old Testament,59,3,13,A,Old Testament,Isaiah; Protestant biblical canon,Canonical metadata,60,Bible books
emek_q899,10,Master,Bible Studies,"In the standard 66-book Protestant Bible, what is the canonical position of Nahum?",34,3,59,13,A,34,"Protestant biblical canon, book order",Canonical metadata,60,Bible books
emek_q900,10,Master,Bible Studies,Is Jude part of the Old Testament or New Testament?,3,59,13,New Testament,D,New Testament,Jude; Protestant biblical canon,Canonical metadata,60,Bible books
